-- phpMyAdmin SQL Dump
-- version 4.9.0.1
-- https://www.phpmyadmin.net/
--
-- Host: mysql11j05.db.hostpoint.internal
-- Generation Time: Jul 18, 2019 at 10:01 AM
-- Server version: 10.1.39-MariaDB
-- PHP Version: 7.2.19


START TRANSACTION;


/*!40101 SET @OLD_CHARACTER_SET_CLIENT=@@CHARACTER_SET_CLIENT */;
/*!40101 SET @OLD_CHARACTER_SET_RESULTS=@@CHARACTER_SET_RESULTS */;
/*!40101 SET @OLD_COLLATION_CONNECTION=@@COLLATION_CONNECTION */;
/*!40101 SET NAMES utf8mb4 */;

--
-- Database: "lowerc3_spots"
--

-- --------------------------------------------------------

--
-- Table structure for table "spots_picture"
--

CREATE TABLE spots_picture (
  id serial NOT NULL,
  user_id integer NOT NULL,
  spot_id integer NOT NULL,
  created timestamp NOT NULL,
  latitude decimal NOT NULL,
  longitude decimal NOT NULL,
  published boolean NOT NULL
);

--
-- Dumping data for table "spots_picture"
--

INSERT INTO spots_picture (id, user_id, spot_id, created, latitude, longitude, published) VALUES
(1, 1, 1, '2014-10-29 20:59:38', 46.5287, 8.62421, TRUE),
(2, 1, 2, '2014-11-03 20:00:42', 46.4914, 8.73882, TRUE),
(3, 1, 3, '2014-11-19 20:39:21', 45.3067, 8.86018, TRUE),
(4, 1, 4, '2014-11-19 21:05:12', 46.5278, 8.60869, TRUE),
(5, 1, 5, '2014-11-19 21:33:33', 47.1318, 7.24083, TRUE),
(6, 1, 6, '2014-12-30 15:59:35', 47.4586, 8.28781, TRUE),
(7, 1, 7, '2014-12-30 16:29:18', 46.0224, 8.95953, TRUE),
(8, 1, 8, '2015-01-12 22:29:14', 46.8555, 9.52224, TRUE),
(9, 1, 9, '2015-01-13 22:13:55', 49.0198, 8.35412, TRUE),
(10, 1, 10, '2015-01-20 19:11:22', 46.8181, 9.26478, TRUE),
(11, 1, 11, '2015-01-21 23:03:33', 47.1395, 7.25799, TRUE),
(12, 1, 12, '2015-01-31 17:06:30', 50.0661, 8.2482, TRUE),
(13, 1, 13, '2015-03-08 11:47:39', 46.19, 9.01513, TRUE),
(14, 1, 14, '2015-03-11 22:59:00', 52.3582, 4.88384, TRUE),
(15, 1, 15, '2015-03-16 23:07:30', 47.5804, 7.58691, TRUE),
(16, 1, 16, '2015-03-17 21:12:14', 47.4777, 8.30826, TRUE),
(17, 1, 17, '2015-03-17 21:57:23', 49.3268, -123.135, TRUE),
(18, 1, 18, '2015-03-17 22:19:24', 47.2272, 8.2582, TRUE),
(19, 1, 19, '2015-03-18 18:37:18', 47.014754, 9.494317, TRUE),
(20, 1, 20, '2015-03-19 17:46:27', 46.8546, 9.52924, TRUE),
(21, 1, 1, '2015-04-01 22:39:38', 46.528763, 8.624199, TRUE),
(22, 1, 1, '2015-04-01 22:45:13', 46.528763, 8.624199, TRUE),
(23, 1, 21, '2015-04-07 19:32:36', 46.8517, 9.53488, TRUE),
(24, 1, 22, '2015-04-08 19:09:03', 47.0375, 9.43255, TRUE),
(25, 1, 23, '2015-04-10 16:04:37', 46.8196, 9.26374, TRUE),
(26, 1, 3, '2015-04-14 23:13:31', 45.3065, 8.86028, TRUE),
(27, 1, 24, '2015-04-15 19:31:39', 46.8507, 9.52507, TRUE),
(28, 1, 24, '2015-04-15 19:32:35', 46.8507, 9.52507, TRUE),
(29, 1, 8, '2015-04-15 19:43:51', 46.8556, 9.52223, TRUE),
(30, 1, 25, '2015-04-15 19:58:23', 46.8558, 9.5248, TRUE),
(31, 1, 25, '2015-04-15 19:59:01', 46.8558, 9.5248, TRUE),
(32, 1, 26, '2015-04-15 20:07:08', 46.8528, 9.53478, TRUE),
(33, 1, 27, '2015-04-15 20:11:15', 46.8495, 9.53047, TRUE),
(34, 1, 21, '2015-04-20 19:59:52', 46.8518, 9.53386, TRUE),
(35, 1, 15, '2015-04-28 19:31:39', 47.5805, 7.58711, TRUE),
(36, 1, 28, '2015-05-05 21:36:04', 47.5742, 7.6152, TRUE),
(37, 1, 28, '2015-05-05 21:38:59', 47.5742, 7.6152, TRUE),
(38, 1, 29, '2015-05-26 22:50:08', 47.478385, 8.305869, TRUE),
(39, 1, 30, '2015-05-27 17:34:44', 46.966, 9.55347, TRUE),
(40, 1, 31, '2015-05-28 09:49:04', 47.5704, 7.57301, TRUE),
(41, 1, 32, '2015-06-01 19:34:25', 46.8535, 9.52702, TRUE),
(42, 1, 33, '2015-06-05 11:55:33', 46.1933, 9.024, TRUE),
(43, 1, 34, '2015-06-05 12:01:49', 46.1906, 9.02317, TRUE),
(44, 1, 35, '2015-06-05 18:05:17', 46.2212, 9.04254, TRUE),
(45, 1, 36, '2015-06-09 19:01:47', 46.8234, 9.27631, TRUE),
(46, 1, 36, '2015-06-09 19:02:24', 46.8236, 9.2767, TRUE),
(47, 1, 37, '2015-06-17 15:35:52', 46.653, 9.44884, TRUE),
(48, 1, 38, '2015-06-19 17:59:13', 49.9759, 8.32729, TRUE),
(49, 1, 38, '2015-06-19 18:00:03', 49.9759, 8.32729, TRUE),
(50, 1, 38, '2015-06-19 18:00:27', 49.9759, 8.32729, TRUE),
(51, 1, 38, '2015-06-19 18:01:10', 49.9759, 8.32729, TRUE),
(52, 1, 39, '2015-06-20 14:21:33', 49.8749, 8.65729, TRUE),
(53, 1, 39, '2015-06-20 15:21:25', 49.874, 8.65665, TRUE),
(54, 1, 40, '2015-06-20 16:10:36', 49.8694, 8.65194, TRUE),
(55, 1, 41, '2015-06-20 17:10:56', 49.868422, 8.650277, TRUE),
(56, 1, 42, '2015-06-20 20:07:32', 49.968, 7.88524, TRUE),
(57, 1, 42, '2015-06-20 20:08:15', 49.969, 7.8845, TRUE),
(58, 1, 42, '2015-06-20 20:08:31', 49.969, 7.8845, TRUE),
(59, 1, 43, '2015-06-21 16:16:50', 49.1867, 8.12915, TRUE),
(60, 1, 43, '2015-06-21 16:17:17', 49.1867, 8.12915, TRUE),
(61, 1, 43, '2015-06-21 16:17:42', 49.1867, 8.12915, TRUE),
(62, 1, 44, '2015-06-30 18:35:51', 47.254, 9.5861, TRUE),
(63, 1, 44, '2015-06-30 18:36:14', 47.254, 9.5861, TRUE),
(64, 1, 44, '2015-06-30 18:36:33', 47.254, 9.5861, TRUE),
(65, 1, 44, '2015-06-30 18:36:51', 47.2537, 9.58642, TRUE),
(66, 1, 45, '2015-07-13 19:25:58', 46.8533, 9.53648, TRUE),
(67, 1, 45, '2015-07-13 19:26:30', 46.8533, 9.53648, TRUE),
(68, 1, 46, '2015-07-20 18:09:13', 46.8544, 9.51297, TRUE),
(69, 1, 47, '2015-07-28 17:56:59', 46.8102, 9.39781, TRUE),
(70, 1, 48, '2015-08-27 19:09:23', 47.0399, 9.4396, TRUE),
(71, 1, 49, '2015-08-27 20:01:40', 47.0392, 9.43929, TRUE),
(72, 1, 50, '2015-08-31 20:13:22', 46.8542, 9.52862, TRUE),
(73, 1, 7, '2015-09-05 14:42:53', 46.0242, 8.95982, TRUE),
(74, 1, 7, '2015-09-05 14:44:17', 46.0227, 8.9595, TRUE),
(75, 1, 51, '2015-09-16 14:35:54', 46.1559, 8.96745, TRUE),
(76, 1, 51, '2015-09-16 14:36:39', 46.1559, 8.96745, TRUE),
(77, 1, 21, '2015-09-21 18:57:20', 46.8519, 9.53403, TRUE),
(78, 1, 21, '2015-09-21 19:00:18', 46.8519, 9.53403, TRUE),
(79, 1, 52, '2015-09-24 18:15:23', 46.8474, 9.52864, TRUE),
(80, 1, 53, '2015-09-28 18:47:09', 46.8379, 9.46089, TRUE),
(81, 1, 53, '2015-09-28 18:47:31', 46.8379, 9.46089, TRUE),
(82, 1, 54, '2015-09-30 09:37:01', 46.5092, 8.69583, TRUE),
(83, 1, 2, '2015-09-30 16:38:51', 46.4914, 8.739, TRUE),
(84, 1, 2, '2015-09-30 16:39:24', 46.4914, 8.739, TRUE),
(85, 1, 55, '2015-10-21 17:26:15', 46.851, 9.52894, TRUE),
(86, 1, 55, '2015-10-21 17:27:20', 46.851, 9.52929, TRUE),
(87, 1, 56, '2015-11-22 14:31:31', 46.351, 8.9686, TRUE),
(88, 1, 56, '2015-11-22 14:32:02', 46.351, 8.9686, TRUE),
(89, 1, 57, '2015-11-22 14:35:59', 46.3498, 8.97063, TRUE),
(90, 1, 57, '2015-11-22 14:36:34', 46.3498, 8.97063, TRUE),
(91, 1, 58, '2015-11-22 14:48:28', 46.36, 8.96919, TRUE),
(92, 1, 59, '2015-11-22 14:59:47', 46.358, 8.96932, TRUE),
(93, 1, 60, '2015-11-22 15:29:51', 46.368, 8.93365, TRUE),
(94, 1, 61, '2015-11-25 08:18:28', 46.3607, 8.9693, TRUE),
(95, 1, 62, '2015-11-28 17:45:44', 46.1725, 8.86457, TRUE),
(96, 1, 62, '2015-11-28 17:46:19', 46.1725, 8.86457, TRUE),
(97, 1, 62, '2015-11-28 17:47:44', 46.1725, 8.86457, TRUE),
(98, 1, 62, '2015-11-28 17:48:19', 46.1725, 8.86457, TRUE),
(99, 3, 62, '2015-11-28 17:51:05', 46.1725, 8.86461, TRUE),
(100, 1, 63, '2015-12-12 14:05:52', 46.1718, 8.84947, TRUE),
(101, 1, 64, '2015-12-17 22:29:44', 46.1694, 8.80034, TRUE),
(102, 1, 65, '2015-12-17 23:03:48', 47.0303, 9.43049, TRUE),
(103, 1, 66, '2015-12-23 14:20:26', 46.1951, 9.02603, TRUE),
(104, 1, 67, '2015-12-23 21:28:24', 49.868, 8.64933, TRUE),
(105, 1, 68, '2016-03-09 10:10:51', 47.151319, 9.505557, TRUE),
(106, 1, 33, '2016-03-09 12:34:17', 46.1932, 9.02361, TRUE),
(107, 1, 53, '2016-04-11 18:14:04', 46.8377, 9.46069, TRUE),
(108, 1, 69, '2016-04-11 22:13:11', 25.7727, -80.1854, TRUE),
(109, 1, 70, '2016-04-11 22:16:47', 25.773, -80.1867, TRUE),
(110, 1, 70, '2016-04-11 22:18:11', 25.773, -80.1867, TRUE),
(111, 1, 71, '2016-04-11 22:21:38', 25.7729, -80.1865, TRUE),
(112, 1, 72, '2016-04-11 22:25:37', 25.7726, -80.187, TRUE),
(113, 1, 72, '2016-04-11 22:26:28', 25.7726, -80.187, TRUE),
(114, 1, 72, '2016-04-11 22:27:45', 25.7726, -80.187, TRUE),
(115, 1, 4, '2016-04-13 16:10:36', 46.5281, 8.60707, TRUE),
(116, 1, 21, '2016-04-14 18:00:45', 46.8515, 9.53328, TRUE),
(117, 1, 73, '2016-04-14 19:09:02', 46.87, 9.53486, TRUE),
(118, 1, 74, '2016-04-17 18:48:17', 46.3672, 8.93068, TRUE),
(119, 1, 74, '2016-04-17 18:50:02', 46.3668, 8.93093, TRUE),
(120, 1, 74, '2016-04-17 19:03:01', 46.3659, 8.93039, TRUE),
(121, 1, 75, '2016-04-17 19:25:30', 47.3699, 8.53426, TRUE),
(122, 1, 76, '2016-04-18 08:48:45', 46.5356, 6.55111, TRUE),
(123, 1, 76, '2016-04-18 08:52:39', 46.5358, 6.55121, TRUE),
(124, 1, 77, '2016-04-18 22:38:13', 49.4116, 8.67688, TRUE),
(125, 1, 78, '2016-04-20 11:35:12', 46.1896, 9.02226, TRUE),
(126, 1, 78, '2016-04-20 11:35:39', 46.1897, 9.02219, TRUE),
(127, 1, 34, '2016-04-20 11:39:33', 46.1905, 9.02326, TRUE),
(128, 1, 79, '2016-04-20 21:16:21', 45.485, 9.20212, TRUE),
(129, 1, 68, '2016-04-21 20:27:52', 47.151, 9.50511, TRUE),
(130, 1, 80, '2016-04-21 22:51:43', 45.9321, 8.56576, TRUE),
(131, 1, 81, '2016-04-21 22:59:54', 45.9339, 8.5307, TRUE),
(132, 1, 82, '2016-04-21 23:09:02', 45.729, 8.62607, TRUE),
(133, 1, 82, '2016-04-21 23:09:45', 45.729, 8.62604, TRUE),
(134, 1, 82, '2016-04-21 23:10:38', 45.729, 8.62605, TRUE),
(135, 1, 83, '2016-04-21 23:16:43', 47.133, 7.23421, TRUE),
(136, 1, 84, '2016-04-21 23:21:49', 47.1373, 7.25275, TRUE),
(137, 1, 85, '2016-04-21 23:27:13', 45.7479, 8.55086, TRUE),
(138, 1, 86, '2016-04-25 23:01:15', 47.2731, 7.37856, TRUE),
(139, 1, 87, '2016-04-25 23:05:11', 46.8845, 8.24603, TRUE),
(140, 1, 87, '2016-04-25 23:06:01', 46.8844, 8.24618, TRUE),
(141, 1, 87, '2016-04-25 23:06:35', 46.8844, 8.24606, TRUE),
(142, 1, 88, '2016-04-25 23:11:21', 47.4023, 9.61055, TRUE),
(143, 1, 89, '2016-04-25 23:16:53', 46.478, 8.79839, TRUE),
(144, 1, 90, '2016-04-25 23:21:22', 46.5032, 8.30296, TRUE),
(145, 1, 91, '2016-04-25 23:25:26', 47.1299, 7.24657, TRUE),
(146, 1, 92, '2016-04-25 23:34:16', 47.1025, 6.82925, TRUE),
(147, 1, 33, '2016-04-29 20:12:49', 46.1932, 9.02382, TRUE),
(148, 1, 33, '2016-04-29 20:27:59', 46.1934, 9.02386, TRUE),
(149, 1, 93, '2016-05-03 21:18:15', 46.8536, 9.53033, TRUE),
(150, 1, 94, '2016-05-08 00:05:39', 47.4769, 8.30953, TRUE),
(151, 1, 95, '2016-05-09 19:28:11', 46.9358, 9.5729, TRUE),
(152, 1, 95, '2016-05-09 20:31:56', 46.9318, 9.57014, TRUE),
(153, 1, 96, '2016-05-10 13:11:58', 46.1845, 10.1273, TRUE),
(154, 1, 97, '2016-05-12 23:43:46', 46.8513, 9.53493, TRUE),
(155, 1, 97, '2016-05-12 23:44:19', 46.8513, 9.53489, TRUE),
(156, 1, 97, '2016-05-12 23:45:01', 46.8514, 9.53485, TRUE),
(157, 1, 97, '2016-05-12 23:45:43', 46.8513, 9.53495, TRUE),
(158, 1, 97, '2016-05-12 23:46:15', 46.8512, 9.53478, TRUE),
(159, 1, 97, '2016-05-12 23:47:16', 46.8514, 9.53483, TRUE),
(160, 1, 98, '2016-05-13 10:10:58', 47.1347, 7.25523, TRUE),
(161, 1, 99, '2016-05-13 12:37:50', 47.0567, 8.27059, TRUE),
(162, 1, 100, '2016-05-13 12:44:02', 47.2106, 7.51649, TRUE),
(163, 1, 101, '2016-05-16 21:54:04', 46.1651, 8.76189, TRUE),
(164, 1, 102, '2016-05-18 18:20:57', 46.8468, 9.52516, TRUE),
(165, 1, 103, '2016-05-19 10:35:34', 46.8313, 6.65931, TRUE),
(166, 1, 104, '2016-05-19 21:50:00', 50.8341, 3.2702, TRUE),
(167, 1, 105, '2016-05-19 21:55:38', 47.0913, 6.8145, TRUE),
(168, 1, 106, '2016-05-19 22:27:40', 45.9392, 8.57321, TRUE),
(169, 1, 106, '2016-05-19 22:29:49', 45.9392, 8.57339, TRUE),
(170, 1, 107, '2016-05-20 08:14:48', 43.909, 10.224, TRUE),
(171, 1, 108, '2016-05-22 21:03:48', 43.8372, 10.5081, TRUE),
(172, 1, 109, '2016-05-22 21:16:51', 43.7148, 10.4252, TRUE),
(173, 1, 109, '2016-05-22 21:22:14', 43.7147, 10.4252, TRUE),
(174, 1, 110, '2016-05-22 21:27:30', 43.96, 10.2252, TRUE),
(175, 1, 110, '2016-05-22 21:30:06', 43.96, 10.2253, TRUE),
(176, 1, 111, '2016-05-22 21:45:32', 44.53, 11.3683, TRUE),
(177, 1, 112, '2016-05-23 14:00:10', 47.4113, 9.47039, TRUE),
(178, 1, 113, '2016-05-23 16:06:23', 43.9782, 10.1995, TRUE),
(179, 1, 114, '2016-05-23 17:27:10', 45.5192, 9.98291, TRUE),
(180, 2, 115, '2016-05-23 19:46:38', 43.7736, -1.29318, TRUE),
(181, 1, 116, '2016-05-23 22:47:36', 51.222, 2.92447, TRUE),
(182, 1, 117, '2016-05-23 22:56:24', 51.0247, 4.49271, TRUE),
(183, 1, 117, '2016-05-23 22:57:45', 51.0244, 4.4926, TRUE),
(184, 1, 118, '2016-05-23 23:01:11', 51.2315, 4.41924, TRUE),
(185, 1, 119, '2016-05-23 23:04:52', 50.7383, 4.24017, TRUE),
(186, 1, 119, '2016-05-23 23:05:35', 50.7382, 4.23997, TRUE),
(187, 1, 120, '2016-05-24 20:24:32', 46.9785, 9.5739, TRUE),
(188, 1, 120, '2016-05-24 20:24:51', 46.9785, 9.5739, TRUE),
(189, 1, 121, '2016-05-29 18:29:29', 45.9298, 8.55494, TRUE),
(190, 1, 122, '2016-05-30 23:04:00', 47.421, 9.36153, TRUE),
(191, 1, 122, '2016-05-30 23:05:07', 47.4211, 9.3615, TRUE),
(192, 1, 123, '2016-05-31 11:36:30', 47.392, 8.50542, TRUE),
(193, 1, 123, '2016-05-31 11:38:33', 47.392, 8.50556, TRUE),
(194, 1, 124, '2016-06-03 10:04:02', 45.5165, 10.2204, TRUE),
(195, 2, 125, '2016-06-03 15:50:16', 43.3551, -3.01833, TRUE),
(196, 2, 125, '2016-06-03 15:53:28', 43.3551, -3.01819, TRUE),
(197, 1, 126, '2016-06-06 11:39:31', 37.7678, -122.42, TRUE),
(198, 1, 127, '2016-06-06 13:02:35', 25.8156, -80.1348, TRUE),
(199, 1, 127, '2016-06-06 13:04:28', 25.8153, -80.1348, TRUE),
(200, 1, 127, '2016-06-06 13:06:12', 25.8156, -80.1348, TRUE),
(201, 1, 128, '2016-06-06 13:10:37', 25.8319, -80.2118, TRUE),
(202, 1, 128, '2016-06-06 13:15:33', 25.832, -80.2121, TRUE),
(203, 1, 129, '2016-06-06 13:19:10', 25.9072, -80.3254, TRUE),
(204, 1, 130, '2016-06-06 13:23:35', 25.9389, -80.2983, TRUE),
(205, 1, 130, '2016-06-06 13:25:16', 25.939, -80.2983, TRUE),
(206, 1, 131, '2016-06-06 14:23:11', 25.6947, -80.3723, TRUE),
(207, 1, 131, '2016-06-06 14:52:05', 25.6945, -80.3712, TRUE),
(208, 1, 131, '2016-06-06 14:53:23', 25.6942, -80.3715, TRUE),
(209, 1, 132, '2016-06-06 16:35:52', 46.0683, 8.25892, TRUE),
(210, 1, 133, '2016-06-06 17:09:06', 40.7488, -74.0094, TRUE),
(211, 1, 133, '2016-06-06 17:09:45', 40.7486, -74.0095, TRUE),
(212, 1, 133, '2016-06-06 17:10:40', 40.7487, -74.0096, TRUE),
(213, 1, 133, '2016-06-06 17:11:31', 40.7486, -74.0094, TRUE),
(214, 1, 133, '2016-06-06 17:12:21', 40.7487, -74.0094, TRUE),
(215, 1, 134, '2016-06-09 23:40:38', 47.1247, 7.27578, TRUE),
(216, 1, 134, '2016-06-09 23:42:07', 47.1247, 7.27586, TRUE),
(217, 1, 135, '2016-06-09 23:44:47', 45.9292, 8.56428, TRUE),
(218, 1, 136, '2016-06-09 23:45:42', 47.1437, 7.27213, TRUE),
(219, 1, 137, '2016-06-15 21:30:35', 46.008, 8.95348, TRUE),
(220, 1, 138, '2016-06-15 21:32:22', 47.1461, 7.28233, TRUE),
(221, 1, 139, '2016-06-15 21:36:47', 45.9393, 8.57233, TRUE),
(222, 1, 140, '2016-06-15 21:38:19', 45.9384, 8.57469, TRUE),
(223, 1, 141, '2016-06-16 07:54:10', 46.1344, 8.29685, TRUE),
(224, 1, 142, '2016-06-16 20:34:46', 45.9735, 8.92776, TRUE),
(225, 1, 143, '2016-06-21 17:08:01', 43.7648, 10.3431, TRUE),
(226, 1, 144, '2016-06-21 22:35:03', 45.9412, 8.571, TRUE),
(227, 1, 145, '2016-06-21 22:38:13', 47.1313, 7.24213, TRUE),
(228, 1, 146, '2016-06-21 22:44:31', 47.1006, 7.32333, TRUE),
(229, 1, 147, '2016-06-21 22:46:32', 47.1919, 7.17358, TRUE),
(230, 1, 148, '2016-06-21 22:48:35', 45.7482, 8.5506, TRUE),
(231, 1, 149, '2016-06-22 08:43:30', 51.3227, 9.47865, TRUE),
(232, 2, 150, '2016-06-22 12:50:22', 43.8511, 13.003, TRUE),
(233, 1, 151, '2016-06-23 16:06:29', 50.0943, 14.4164, TRUE),
(234, 1, 151, '2016-06-23 16:08:01', 50.0945, 14.4162, TRUE),
(235, 1, 152, '2016-06-23 16:12:11', 50.0946, 14.416, TRUE),
(236, 1, 152, '2016-06-23 16:17:30', 50.0949, 14.4152, TRUE),
(237, 1, 153, '2016-07-16 13:10:57', 50.1148, 8.67731, TRUE),
(238, 1, 154, '2016-07-16 13:57:48', 50.1148, 8.67731, TRUE),
(239, 1, 154, '2016-07-16 13:58:16', 50.117, 8.67178, TRUE),
(240, 1, 155, '2016-07-16 14:16:52', 50.119, 8.65329, TRUE),
(241, 1, 155, '2016-07-16 14:18:06', 50.1191, 8.65324, TRUE),
(242, 1, 155, '2016-07-16 14:29:49', 50.1208, 8.65309, TRUE),
(243, 1, 155, '2016-07-16 14:30:52', 50.1201, 8.6529, TRUE),
(244, 1, 156, '2016-07-16 15:27:14', 50.1114, 8.6557, TRUE),
(245, 1, 157, '2016-07-16 16:15:12', 50.0958, 8.63986, TRUE),
(246, 1, 157, '2016-07-16 16:15:59', 50.0958, 8.63949, TRUE),
(247, 1, 157, '2016-07-16 16:16:50', 50.0958, 8.63949, TRUE),
(248, 1, 158, '2016-07-16 19:56:01', 50.1087, 8.70832, TRUE),
(249, 1, 158, '2016-07-16 19:57:04', 50.1087, 8.70832, TRUE),
(250, 1, 158, '2016-07-16 19:57:44', 50.1087, 8.70832, TRUE),
(251, 1, 159, '2016-07-17 15:17:11', 51.3228, 9.47904, TRUE),
(252, 1, 159, '2016-07-17 15:17:39', 51.3228, 9.47904, TRUE),
(253, 1, 159, '2016-07-17 15:18:17', 51.3228, 9.47904, TRUE),
(254, 1, 149, '2016-07-17 15:21:27', 51.3228, 9.47904, TRUE),
(255, 1, 160, '2016-07-18 09:36:30', 48.4038, 9.94755, TRUE),
(256, 1, 160, '2016-07-18 09:37:56', 48.4038, 9.94755, TRUE),
(257, 1, 160, '2016-07-18 10:21:55', 48.4038, 9.94755, TRUE),
(258, 1, 160, '2016-07-18 10:22:24', 48.4038, 9.94755, TRUE),
(259, 1, 161, '2016-07-26 09:37:03', 47.1635, 11.8688, TRUE),
(260, 1, 162, '2016-07-26 09:44:35', 45.0102, 6.1264, TRUE),
(261, 2, 163, '2016-08-03 09:21:27', 50.1174, -122.951, TRUE),
(262, 2, 163, '2016-08-03 09:22:50', 50.1174, -122.951, TRUE),
(263, 1, 164, '2016-08-03 18:26:20', 47.1241, 9.30254, TRUE),
(264, 1, 164, '2016-08-03 18:26:44', 47.1243, 9.30334, TRUE),
(265, 1, 165, '2016-08-16 19:26:56', 47.0664, 9.50103, TRUE),
(266, 1, 165, '2016-08-16 19:27:30', 47.0664, 9.50103, TRUE),
(267, 1, 166, '2016-08-16 20:29:34', 47.1265, 9.52434, TRUE),
(268, 2, 167, '2016-08-23 07:34:28', 36.2398, -115.153, TRUE),
(269, 2, 167, '2016-08-23 07:42:17', 36.2399, -115.154, TRUE),
(270, 1, 169, '2016-08-27 10:55:35', 46.808, 9.39669, TRUE),
(271, 2, 169, '2016-08-27 10:57:46', 45.7258, 9.1494, TRUE),
(272, 2, 169, '2016-08-27 10:58:38', 45.7257, 9.14935, TRUE),
(273, 2, 170, '2016-08-27 11:11:59', 45.737, 9.12666, TRUE),
(274, 2, 170, '2016-08-27 11:12:28', 45.7371, 9.12677, TRUE),
(275, 1, 170, '2016-08-27 11:13:12', 45.7371, 9.12681, TRUE),
(276, 1, 171, '2016-08-30 20:17:48', 46.8465, 9.53514, TRUE),
(277, 1, 171, '2016-08-30 20:18:16', 46.8466, 9.53486, TRUE),
(278, 1, 171, '2016-08-30 20:18:41', 46.8465, 9.53511, TRUE),
(279, 1, 87, '2016-09-03 17:01:21', 46.8839, 8.2461, TRUE),
(280, 1, 172, '2016-09-14 08:12:37', 43.476, 13.4954, TRUE),
(281, 1, 172, '2016-09-14 08:17:56', 43.476, 13.4955, TRUE),
(282, 1, 173, '2016-09-22 19:06:33', 47.0663, 9.50035, TRUE),
(283, 1, 173, '2016-09-22 19:07:14', 47.0663, 9.50033, TRUE),
(284, 1, 174, '2016-09-30 13:24:42', 45.6605, 9.21089, TRUE),
(285, 2, 175, '2016-10-01 22:21:54', 49.6066, 6.13308, TRUE),
(286, 2, 175, '2016-10-01 22:22:50', 49.6066, 6.13323, TRUE),
(287, 1, 176, '2016-10-25 17:23:58', 46.8022, 7.1541, TRUE),
(288, 1, 177, '2016-10-26 08:41:51', 46.8053, 7.15444, TRUE),
(289, 1, 178, '2016-10-26 09:00:45', 46.8081, 7.15727, TRUE),
(290, 1, 179, '2016-10-26 10:57:29', 46.8035, 7.15324, TRUE),
(291, 1, 179, '2016-10-26 10:57:55', 46.8034, 7.15307, TRUE),
(292, 1, 179, '2016-10-26 10:58:14', 46.8033, 7.1534, TRUE),
(293, 1, 180, '2016-10-27 15:29:00', 46.1386, 7.11891, TRUE),
(294, 1, 180, '2016-10-27 15:29:26', 46.1386, 7.11891, TRUE),
(295, 1, 181, '2016-10-30 11:46:15', 46.3259, 8.00528, TRUE),
(296, 1, 181, '2016-10-30 11:47:04', 46.3258, 8.00526, TRUE),
(297, 1, 182, '2016-11-05 15:32:10', 46.9524, 7.44145, TRUE),
(298, 1, 182, '2016-11-05 15:32:45', 46.9516, 7.44765, TRUE),
(299, 1, 74, '2016-11-16 14:25:19', 46.3673, 8.93028, TRUE),
(305, 8, 183, '2016-11-30 09:12:11', 37.0996, -8.23852, TRUE),
(306, 1, 184, '2016-12-27 18:00:38', 47.4949, 8.71878, TRUE),
(307, 1, 184, '2016-12-27 18:01:16', 47.4951, 8.71884, TRUE),
(308, 1, 184, '2016-12-27 18:01:52', 47.4951, 8.71871, TRUE),
(309, 1, 184, '2016-12-27 18:02:19', 47.4955, 8.71907, TRUE),
(310, 1, 185, '2016-12-27 18:04:22', 47.4955, 8.71907, TRUE),
(311, 1, 185, '2016-12-27 18:05:16', 47.4953, 8.719, TRUE),
(312, 1, 186, '2017-01-03 13:34:50', 38.7082, -9.1373, TRUE),
(313, 1, 186, '2017-01-03 13:35:22', 38.7082, -9.13737, TRUE),
(314, 1, 187, '2017-03-01 15:13:05', 46.1619, 8.77248, TRUE),
(315, 1, 187, '2017-03-01 15:14:04', 46.1619, 8.77237, TRUE),
(316, 1, 188, '2017-12-30 12:17:18', 47.0313, 9.07636, TRUE),
(317, 1, 189, '2017-12-30 12:32:22', 47.4803, 8.3009, TRUE),
(318, 1, 189, '2017-12-30 12:33:37', 47.4801, 8.30132, TRUE),
(319, 1, 189, '2017-12-30 15:08:20', 47.4801, 8.30132, TRUE),
(320, 2, 190, '2017-12-30 19:20:16', 39.7109, 3.46002, TRUE),
(321, 2, 191, '2017-12-30 19:45:43', 39.4844, 2.85169, TRUE),
(322, 2, 192, '2017-12-30 19:52:39', 39.4953, 2.76021, TRUE),
(323, 2, 193, '2017-12-30 19:54:32', 39.4208, 3.26131, TRUE),
(324, 2, 194, '2017-12-30 19:57:44', 39.5716, 3.20413, TRUE),
(325, 2, 195, '2017-12-30 20:03:31', 39.5667, 3.21173, TRUE),
(326, 2, 196, '2017-12-30 20:07:13', 39.5069, 2.75381, TRUE),
(327, 2, 197, '2017-12-30 20:13:07', 39.6205, 2.74916, TRUE),
(328, 2, 198, '2017-12-30 20:22:26', 39.5703, 2.64008, TRUE),
(329, 2, 199, '2017-12-30 20:25:08', 39.7217, 2.91382, TRUE),
(330, 2, 200, '2017-12-30 20:39:03', 39.5853, 2.63937, TRUE),
(331, 2, 201, '2017-12-30 20:43:49', 39.4669, 3.13783, TRUE),
(332, 2, 202, '2018-01-03 12:43:40', 38.3537, -0.486473, TRUE),
(333, 2, 203, '2018-01-04 08:59:44', 39.7242, 2.90311, TRUE),
(334, 2, 204, '2018-01-04 11:58:56', 38.3411, -0.490718, TRUE),
(335, 2, 204, '2018-01-04 11:59:59', 38.3411, -0.49074, TRUE),
(336, 2, 205, '2018-01-04 16:31:34', 38.2009, -0.572653, TRUE),
(337, 1, 111, '2018-01-04 21:23:04', 44.5304, 11.3691, TRUE),
(338, 1, 206, '2018-01-04 21:25:38', 43.2469, 6.53638, TRUE),
(339, 2, 207, '2018-01-04 21:28:12', 43.1168, 6.1445, TRUE),
(340, 1, 207, '2018-01-04 21:28:51', 43.1168, 6.14435, TRUE),
(341, 2, 208, '2018-01-04 21:42:50', 43.5391, 6.44808, TRUE),
(342, 1, 208, '2018-01-04 21:43:31', 43.5392, 6.44799, TRUE),
(343, 2, 189, '2018-01-06 06:56:42', 47.4807, 8.30101, TRUE),
(344, 1, 209, '2018-01-06 15:40:08', 39.5658, 2.62634, TRUE),
(345, 1, 200, '2018-01-06 17:22:57', 39.5853, 2.63954, TRUE),
(346, 1, 200, '2018-01-06 17:24:15', 39.5852, 2.63951, TRUE),
(347, 1, 198, '2018-01-12 19:40:09', 39.5709, 2.6404, TRUE),
(348, 1, 210, '2018-01-12 19:43:25', 39.5889, 2.62791, TRUE),
(349, 1, 210, '2018-01-12 19:44:02', 39.5888, 2.62779, TRUE),
(350, 1, 211, '2018-01-12 19:44:47', 39.5882, 2.62874, TRUE),
(351, 1, 211, '2018-01-12 19:45:14', 39.5881, 2.62881, TRUE),
(352, 1, 212, '2018-01-12 19:46:32', 39.514, 2.48052, TRUE),
(353, 1, 213, '2018-01-12 19:47:33', 39.5187, 2.48452, TRUE),
(354, 1, 214, '2018-01-12 19:48:19', 39.5218, 2.49634, TRUE),
(355, 1, 215, '2018-01-12 19:49:38', 39.5445, 2.38668, TRUE),
(356, 1, 213, '2018-01-12 19:50:39', 39.5214, 2.4892, TRUE),
(357, 1, 213, '2018-01-12 19:51:20', 39.52, 2.48688, TRUE),
(358, 1, 216, '2018-01-12 19:52:25', 39.5129, 2.46666, TRUE),
(359, 1, 216, '2018-01-12 19:52:59', 39.5129, 2.46666, TRUE),
(360, 1, 217, '2018-01-12 19:56:34', 39.5273, 2.54339, TRUE),
(361, 1, 217, '2018-01-12 19:57:08', 39.5273, 2.54336, TRUE),
(362, 1, 218, '2018-01-12 19:59:48', 39.8157, 3.1043, TRUE),
(363, 1, 218, '2018-01-12 20:00:58', 39.8155, 3.10432, TRUE),
(364, 1, 218, '2018-01-12 20:01:24', 39.8148, 3.10491, TRUE),
(365, 1, 218, '2018-01-12 20:01:54', 39.8153, 3.10437, TRUE),
(366, 1, 219, '2018-01-12 20:03:26', 39.8494, 3.12954, TRUE),
(367, 1, 219, '2018-01-12 20:03:56', 39.8494, 3.12964, TRUE),
(368, 1, 219, '2018-01-12 20:04:27', 39.8494, 3.12974, TRUE),
(369, 1, 197, '2018-01-12 20:05:27', 39.6205, 2.74929, TRUE),
(370, 1, 197, '2018-01-12 20:05:58', 39.6204, 2.74934, TRUE),
(371, 1, 196, '2018-01-12 20:06:43', 39.5066, 2.75423, TRUE),
(372, 1, 196, '2018-01-12 20:07:20', 39.5067, 2.75421, TRUE),
(373, 1, 220, '2018-01-12 20:08:55', 39.53, 2.72946, TRUE),
(374, 1, 220, '2018-01-12 20:09:28', 39.53, 2.72954, TRUE),
(375, 1, 221, '2018-01-12 20:17:26', 39.7211, 2.91483, TRUE),
(376, 1, 221, '2018-01-12 20:18:01', 39.7212, 2.91442, TRUE),
(377, 1, 199, '2018-01-12 20:18:30', 39.7214, 2.91381, TRUE),
(378, 1, 199, '2018-01-12 20:20:00', 39.7216, 2.91388, TRUE),
(379, 1, 199, '2018-01-12 20:20:34', 39.7217, 2.91351, TRUE),
(380, 1, 199, '2018-01-12 20:22:07', 39.7217, 2.91348, TRUE),
(381, 1, 203, '2018-01-12 20:22:48', 39.7241, 2.90306, TRUE),
(382, 1, 222, '2018-01-12 20:24:57', 39.7726, 3.01747, TRUE),
(383, 1, 222, '2018-01-12 20:25:23', 39.7726, 3.01745, TRUE),
(384, 1, 222, '2018-01-12 20:26:01', 39.7726, 3.0175, TRUE),
(385, 1, 192, '2018-01-16 08:58:19', 39.4962, 2.75878, TRUE),
(386, 2, 223, '2018-02-08 13:44:34', 45.6474, 9.35345, TRUE),
(387, 1, 224, '2019-04-18 18:37:50', 45.899, 10.8446, TRUE),
(388, 2, 225, '2019-04-18 18:42:25', 45.5924, 9.89148, TRUE),
(389, 2, 226, '2019-04-18 18:45:41', 45.6908, 9.63399, TRUE),
(390, 2, 227, '2019-04-18 18:55:19', 45.4587, 10.5519, TRUE),
(391, 2, 228, '2019-04-18 19:00:28', 46.0522, 11.1153, TRUE),
(392, 2, 228, '2019-04-18 19:01:19', 46.0522, 11.1152, TRUE),
(393, 2, 228, '2019-04-18 19:02:56', 46.0522, 11.1153, TRUE),
(394, 2, 228, '2019-04-19 08:32:29', 46.0521, 11.1154, TRUE),
(395, 1, 228, '2019-04-19 08:33:23', 46.0522, 11.1153, TRUE),
(396, 1, 229, '2019-04-20 13:09:17', 46.0725, 10.9943, TRUE),
(397, 1, 229, '2019-04-20 13:09:55', 46.0754, 10.996, TRUE),
(398, 1, 224, '2019-04-20 15:18:58', 45.8991, 10.8449, TRUE),
(399, 1, 224, '2019-04-20 15:19:47', 45.899, 10.8445, TRUE),
(400, 1, 230, '2019-05-30 12:27:51', 41.5493, 2.43684, TRUE),
(401, 1, 230, '2019-05-30 12:53:41', 41.5496, 2.43708, TRUE),
(402, 1, 231, '2019-05-31 10:57:07', 39.4601, -0.358025, TRUE),
(403, 1, 231, '2019-05-31 10:58:34', 39.4603, -0.358208, TRUE),
(404, 1, 231, '2019-05-31 10:59:00', 39.4604, -0.358209, TRUE),
(405, 1, 232, '2019-06-02 14:27:58', 36.7508, -5.14826, TRUE),
(406, 1, 205, '2019-06-08 16:15:26', 38.2014, -0.572345, TRUE),
(407, 1, 233, '2019-06-12 10:47:10', 42.9122, 3.01866, TRUE),
(408, 1, 233, '2019-06-12 10:47:42', 42.9122, 3.01865, TRUE);

-- --------------------------------------------------------

--
-- Table structure for table "spots_picture_user"
--

CREATE TABLE spots_picture_user (
  spots_picture_id integer NOT NULL,
  user_id integer NOT NULL
);

--
-- Dumping data for table "spots_picture_user"
--

INSERT INTO spots_picture_user (spots_picture_id, user_id) VALUES
(267, 2),
(269, 1),
(270, 2),
(275, 1),
(275, 2),
(278, 1),
(278, 2),
(280, 1),
(281, 1),
(283, 2),
(284, 1),
(285, 2),
(286, 1),
(286, 2),
(297, 1),
(305, 2),
(305, 9);

-- --------------------------------------------------------

--
-- Table structure for table "spots_spot"
--

CREATE TABLE spots_spot (
  id serial NOT NULL,
  user_id integer NOT NULL,
  created timestamp NOT NULL,
  modified timestamp NOT NULL,
  name varchar(255) NOT NULL,
  description text NOT NULL,
  score integer NOT NULL,
  picture1_id integer DEFAULT NULL,
  picture2_id integer DEFAULT NULL,
  latitude decimal NOT NULL,
  longitude decimal NOT NULL,
  secretSpot boolean NOT NULL
);

--
-- Dumping data for table "spots_spot"
--

INSERT INTO spots_spot (id, user_id, created, modified, name, description, score, picture1_id, picture2_id, latitude, longitude, secretSpot) VALUES
(1, 1, '2014-10-29 20:59:38', '2014-10-29 20:59:38', 'Red coping ramp', 'Domi''s mini', 1, 1, 21, 46.528742, 8.6242026666667, TRUE),
(2, 1, '2014-11-03 20:00:42', '2014-11-03 20:00:42', 'Skatepark Leventina', 'Park', 0, 84, 83, 46.4914, 8.73894, FALSE),
(3, 1, '2014-11-19 20:39:21', '2014-11-19 20:39:21', 'Skatepark Vigevano', 'Park', 0, 26, 3, 45.3066, 8.86023, FALSE),
(4, 1, '2014-11-19 21:05:12', '2014-11-19 21:05:12', 'Hotel Des Alpes', '6 Stairs', 0, 4, 4, 46.52795, 8.60788, FALSE),
(5, 1, '2014-11-19 21:33:33', '2014-11-19 21:33:33', 'Loud Minority Skatepark', 'Indoor wood park', 0, 5, 5, 47.1318, 7.24083, FALSE),
(6, 1, '2014-12-30 15:59:35', '2014-12-30 15:59:35', 'Skatepark Baden', 'Beton skatepark', 0, 6, 6, 47.4586, 8.28781, FALSE),
(7, 1, '2014-12-30 16:29:18', '2014-12-30 16:29:18', 'Skatepark Lugano', 'Street area and Bowl', 0, 74, 73, 46.0231, 8.9596166666667, FALSE),
(8, 1, '2015-01-12 22:29:14', '2015-01-12 22:29:14', 'Snakerun', '', 0, 29, 8, 46.85555, 9.522235, FALSE),
(9, 1, '2015-01-13 22:13:55', '2015-01-13 22:13:55', 'Skatehalle Karlsruhe', 'Price 5â‚¬', 0, 9, 9, 49.0198, 8.35412, FALSE),
(10, 1, '2015-01-20 19:11:22', '2015-01-20 19:11:22', 'Freestyle Academy Laax', '', 0, 10, 10, 46.8181, 9.26478, FALSE),
(11, 1, '2015-01-21 23:03:33', '2015-01-21 23:03:33', 'Gare des marchandises', '', 0, 11, 11, 47.1395, 7.25799, FALSE),
(12, 1, '2015-01-31 17:06:30', '2015-01-31 17:06:30', 'Skatehalle Wiesbaden', '', 0, 12, 12, 50.0661, 8.2482, FALSE),
(13, 1, '2015-03-08 11:47:39', '2015-03-08 11:47:39', 'Gap parcheggio Tatti', '', 0, 13, 13, 46.19, 9.01513, FALSE),
(14, 1, '2015-03-11 22:59:00', '2015-03-11 22:59:00', 'Miniramp', '', 0, 14, 14, 52.3582, 4.88384, FALSE),
(15, 1, '2015-03-16 23:07:30', '2015-03-16 23:07:30', 'Portland', '', 0, 35, 15, 47.58045, 7.58701, FALSE),
(16, 1, '2015-03-17 21:12:14', '2015-03-17 21:12:14', 'Slappy paradise', '', 0, 16, 16, 47.4777, 8.30826, FALSE),
(17, 1, '2015-03-17 21:57:23', '2015-03-17 21:57:23', 'Rail bastardo', '', 0, 17, 17, 49.3268, -123.135, FALSE),
(18, 1, '2015-03-17 22:19:24', '2015-03-17 22:19:24', 'Skatepark Hitzkirch', '', 0, 18, 18, 47.2272, 8.2582, FALSE),
(19, 1, '2015-03-18 18:37:18', '2015-03-18 18:37:18', 'Skatepark Bad Ragaz', '', 0, 19, 19, 47.014754, 9.494317, FALSE),
(20, 1, '2015-03-19 17:46:27', '2015-03-19 17:46:27', 'Gleis D', '', 0, 20, 20, 46.8546, 9.52924, FALSE),
(21, 1, '2015-04-07 19:32:36', '2015-04-07 19:32:36', 'Theater Platz', '', 0, 116, 78, 46.85176, 9.534016, FALSE),
(22, 1, '2015-04-08 19:09:03', '2015-04-08 19:09:03', 'Skatepark Wangs', '', 0, 24, 24, 47.0375, 9.43255, FALSE),
(23, 1, '2015-04-10 16:04:37', '2015-04-10 16:04:37', 'Rail', '', 0, 25, 25, 46.8196, 9.26374, FALSE),
(24, 1, '2015-04-15 19:31:39', '2015-04-15 19:31:39', 'Wallride Brücke', '', 0, 28, 27, 46.8507, 9.52507, FALSE),
(25, 1, '2015-04-15 19:58:23', '2015-04-15 19:58:23', 'Gewerbliche Berufsschule', '', 0, 31, 30, 46.8558, 9.5248, FALSE),
(26, 1, '2015-04-15 20:07:08', '2015-04-15 20:07:08', 'Spielplatz Bumbs', '', 0, 32, 32, 46.8528, 9.53478, FALSE),
(27, 1, '2015-04-15 20:11:15', '2015-04-15 20:11:15', 'Rail up', '', 0, 33, 33, 46.8495, 9.53047, FALSE),
(28, 1, '2015-05-05 21:36:04', '2015-05-05 21:36:04', 'Pumpwerk', '', 0, 37, 36, 47.5742, 7.6152, FALSE),
(29, 1, '2015-05-26 22:50:08', '2015-05-26 22:50:08', 'Trafo', '', 0, 38, 38, 47.478385, 8.305869, FALSE),
(30, 1, '2015-05-27 17:34:44', '2015-05-27 17:34:44', 'Mini handrail', '', 0, 39, 39, 46.966, 9.55347, FALSE),
(31, 1, '2015-05-28 09:49:04', '2015-05-28 09:49:04', 'Bahnhoff St. Johann', '', 0, 40, 40, 47.5704, 7.57301, FALSE),
(32, 1, '2015-06-01 19:34:25', '2015-06-01 19:34:25', 'Ledge', '', 0, 41, 41, 46.8535, 9.52702, FALSE),
(33, 1, '2015-06-05 11:55:33', '2015-06-05 11:55:33', 'Piazza del Sole', '', 0, 148, 147, 46.193275, 9.0238225, FALSE),
(34, 1, '2015-06-05 12:01:49', '2015-06-05 12:01:49', '7 Scalini Cervia', '', 0, 127, 43, 46.19055, 9.023215, FALSE),
(35, 1, '2015-06-05 18:05:17', '2015-06-05 18:05:17', 'Bank', '', 0, 44, 44, 46.2212, 9.04254, FALSE),
(36, 1, '2015-06-09 19:01:47', '2015-06-09 19:01:47', 'Sportzentrum Prau la Selva', '', 0, 46, 45, 46.8235, 9.276505, FALSE),
(37, 1, '2015-06-17 15:35:52', '2015-06-17 15:35:52', 'Viamala big drop', '', 0, 47, 47, 46.653, 9.44884, FALSE),
(38, 1, '2015-06-19 17:59:13', '2015-06-19 17:59:13', 'Skatepark Ginsheim', '', 0, 51, 50, 49.9759, 8.32729, FALSE),
(39, 1, '2015-06-20 14:21:33', '2015-06-20 14:21:33', 'Universität', '', 0, 53, 52, 49.87445, 8.65697, FALSE),
(40, 1, '2015-06-20 16:10:36', '2015-06-20 16:10:36', 'Quarter', '', 0, 54, 54, 49.8694, 8.65194, FALSE),
(41, 1, '2015-06-20 17:10:56', '2015-06-20 17:10:56', 'Handrail', '', 0, 55, 55, 49.868422, 8.650277, FALSE),
(42, 1, '2015-06-20 20:07:32', '2015-06-20 20:07:32', 'Skatepark Bingen', '', 0, 58, 57, 49.968666666667, 7.8847466666667, FALSE),
(43, 1, '2015-06-21 16:16:50', '2015-06-21 16:16:50', 'Skatepark Landau', '', 0, 61, 60, 49.1867, 8.12915, FALSE),
(44, 1, '2015-06-30 18:35:51', '2015-06-30 18:35:51', 'Skatepark Feldkirch', '', 0, 65, 64, 47.253925, 9.58618, FALSE),
(45, 1, '2015-07-13 19:25:58', '2015-07-13 19:25:58', 'Quader Schule', '', 0, 67, 66, 46.8533, 9.53648, FALSE),
(46, 1, '2015-07-20 18:09:13', '2015-07-20 18:09:13', 'Handrail Coop Verteilzentrale', '', 0, 68, 68, 46.8544, 9.51297, FALSE),
(47, 1, '2015-07-28 17:56:59', '2015-07-28 17:56:59', 'Curb Bonaduz Bahnhof', '', 0, 69, 69, 46.8102, 9.39781, FALSE),
(48, 1, '2015-08-27 19:09:23', '2015-08-27 19:09:23', 'Handrail', '', 0, 70, 70, 47.0399, 9.4396, FALSE),
(49, 1, '2015-08-27 20:01:40', '2015-08-27 20:01:40', 'Lidl', '', 0, 71, 71, 47.0392, 9.43929, FALSE),
(50, 1, '2015-08-31 20:13:22', '2015-08-31 20:13:22', 'Rail', '', 0, 72, 72, 46.8542, 9.52862, FALSE),
(51, 1, '2015-09-16 14:35:54', '2015-09-16 14:35:54', 'Handrail Manor S. Antonino', '', 0, 76, 75, 46.1559, 8.96745, FALSE),
(52, 1, '2015-09-24 18:15:23', '2015-09-24 18:15:23', 'Mini jump', '', 0, 79, 79, 46.8474, 9.52864, FALSE),
(53, 1, '2015-09-28 18:47:09', '2015-09-28 18:47:09', 'Skatepark Ems', '', 0, 107, 81, 46.837833333333, 9.4608233333333, FALSE),
(54, 1, '2015-09-30 09:37:01', '2015-09-30 09:37:01', 'Handrail', '', 0, 82, 82, 46.5092, 8.69583, FALSE),
(55, 1, '2015-10-21 17:26:15', '2015-10-21 17:26:15', 'Don''t skate curbs', '', 0, 86, 85, 46.851, 9.529115, FALSE),
(56, 1, '2015-11-22 14:31:31', '2015-11-22 14:31:31', 'Bank con rail', '', 0, 88, 87, 46.351, 8.9686, FALSE),
(57, 1, '2015-11-22 14:35:59', '2015-11-22 14:35:59', 'Spai', '', 0, 90, 89, 46.3498, 8.97063, FALSE),
(58, 1, '2015-11-22 14:48:28', '2015-11-22 14:48:28', 'Curb posta', '', 0, 91, 91, 46.36, 8.96919, FALSE),
(59, 1, '2015-11-22 14:59:47', '2015-11-22 14:59:47', 'Double bank', '', 0, 92, 92, 46.358, 8.96932, FALSE),
(60, 1, '2015-11-22 15:29:51', '2015-11-22 15:29:51', 'Infocentro Alptransit', '', 0, 93, 93, 46.368, 8.93365, FALSE),
(61, 1, '2015-11-25 08:18:28', '2015-11-25 08:18:28', 'Manaul pad', '', 0, 94, 94, 46.3607, 8.9693, FALSE),
(62, 1, '2015-11-28 17:45:44', '2015-11-28 17:45:44', 'Scuole medie', '', 0, 99, 98, 46.1725, 8.864578, FALSE),
(63, 1, '2015-12-12 14:05:52', '2015-12-12 14:05:52', 'Centro Sportivo Tenero', '', 0, 100, 100, 46.1718, 8.84947, FALSE),
(64, 1, '2015-12-17 22:29:44', '2015-12-17 22:29:44', '10 scalini', '', 0, 101, 101, 46.1694, 8.80034, FALSE),
(65, 1, '2015-12-17 23:03:48', '2015-12-17 23:03:48', 'Screamcat', '', 0, 102, 102, 47.0303, 9.43049, TRUE),
(66, 1, '2015-12-23 14:20:26', '2015-12-23 14:20:26', 'Handrail', '', 0, 103, 103, 46.1951, 9.02603, FALSE),
(67, 1, '2015-12-23 21:28:24', '2015-12-23 21:28:24', 'Ledge', '', 0, 104, 104, 49.868, 8.64933, FALSE),
(68, 1, '2016-03-09 10:10:51', '2016-03-09 10:10:51', 'Skatepark Vaduz', '', 0, 129, 105, 47.1511595, 9.5053335, FALSE),
(69, 1, '2016-04-11 22:13:11', '2016-04-11 22:13:11', 'Megaledge', '', 0, 108, 108, 25.7727, -80.1854, FALSE),
(70, 1, '2016-04-11 22:16:47', '2016-04-11 22:16:47', 'Triangle', '', 0, 110, 109, 25.773, -80.1867, FALSE),
(71, 1, '2016-04-11 22:21:38', '2016-04-11 22:21:38', 'Triangle ledges', '', 0, 111, 111, 25.7729, -80.1865, FALSE),
(72, 1, '2016-04-11 22:25:37', '2016-04-11 22:25:37', 'Stair and ledge', '', 0, 114, 113, 25.7726, -80.187, FALSE),
(73, 1, '2016-04-14 19:09:02', '2016-04-14 19:09:02', 'Kiss miniramp', '', 0, 117, 117, 46.87, 9.53486, TRUE),
(74, 1, '2016-04-17 18:48:17', '2016-04-17 18:48:17', 'Alptransit China Banks', '', 5, 299, 120, 46.3668, 8.93057, FALSE),
(75, 1, '2016-04-17 19:25:30', '2016-04-17 19:25:30', 'Mini quarter', '', 0, 121, 121, 47.3699, 8.53426, FALSE),
(76, 1, '2016-04-18 08:48:45', '2016-04-18 08:48:45', 'Loz Side', '', 0, 123, 122, 46.5357, 6.55116, TRUE),
(77, 1, '2016-04-18 22:38:13', '2016-04-18 22:38:13', 'Skatepark Heidelberg', '', 0, 124, 124, 49.4116, 8.67688, FALSE),
(78, 1, '2016-04-20 11:35:12', '2016-04-20 11:35:12', 'Rampa con scalini', '', 0, 126, 125, 46.18965, 9.022225, FALSE),
(79, 1, '2016-04-20 21:16:21', '2016-04-20 21:16:21', 'Milano Centrale', '', 0, 128, 128, 45.485, 9.20212, FALSE),
(80, 1, '2016-04-21 22:51:43', '2016-04-21 22:51:43', 'Bennet manual pad', '', 0, 130, 130, 45.9321, 8.56576, FALSE),
(81, 1, '2016-04-21 22:59:54', '2016-04-21 22:59:54', 'Beata ledge pop out', '', 0, 131, 131, 45.9339, 8.5307, FALSE),
(82, 1, '2016-04-21 23:09:02', '2016-04-21 23:09:02', 'Skatepark Sesto Calende', '', 0, 134, 133, 45.729, 8.6260533333333, FALSE),
(83, 1, '2016-04-21 23:16:43', '2016-04-21 23:16:43', 'Bord du lac', '', 0, 135, 135, 47.133, 7.23421, FALSE),
(84, 1, '2016-04-21 23:21:49', '2016-04-21 23:21:49', 'Panchina cerata', '', 0, 136, 136, 47.1373, 7.25275, FALSE),
(85, 1, '2016-04-21 23:27:13', '2016-04-21 23:27:13', 'Stadio ledges', '', 0, 137, 137, 45.7479, 8.55086, FALSE),
(86, 1, '2016-04-25 23:01:15', '2016-04-25 23:01:15', 'Miniramp Moutier', '', 0, 138, 138, 47.2731, 7.37856, FALSE),
(87, 1, '2016-04-25 23:05:11', '2016-04-25 23:05:11', 'Skatepark Sarnen', '', 5, 279, 141, 46.8843, 8.2460925, FALSE),
(88, 1, '2016-04-25 23:11:21', '2016-04-25 23:11:21', 'Skatepark Balgach', '', 0, 142, 142, 47.4023, 9.61055, FALSE),
(89, 1, '2016-04-25 23:16:53', '2016-04-25 23:16:53', 'Handrail', '', 0, 143, 143, 46.478, 8.79839, FALSE),
(90, 1, '2016-04-25 23:21:22', '2016-04-25 23:21:22', 'Skatepark Ulrichen', '', 0, 144, 144, 46.5032, 8.30296, FALSE),
(91, 1, '2016-04-25 23:25:26', '2016-04-25 23:25:26', 'Gap to bank', '', 0, 145, 145, 47.1299, 7.24657, FALSE),
(92, 1, '2016-04-25 23:34:16', '2016-04-25 23:34:16', 'Place le Corbousier', '', 0, 146, 146, 47.1025, 6.82925, FALSE),
(93, 1, '2016-05-03 21:18:15', '2016-05-03 21:18:15', 'Slappy garage', '', 0, 149, 149, 46.8536, 9.53033, FALSE),
(94, 1, '2016-05-08 00:05:39', '2016-05-08 00:05:39', 'Handrail', '', 0, 150, 150, 47.4769, 8.30953, FALSE),
(95, 1, '2016-05-09 19:28:11', '2016-05-09 19:28:11', 'Snakerun Zizers', '', 0, 152, 151, 46.9338, 9.57152, FALSE),
(96, 1, '2016-05-10 13:11:58', '2016-05-10 13:11:58', 'Skatepark Stazzona', '', 0, 153, 153, 46.1845, 10.1273, FALSE),
(97, 1, '2016-05-12 23:43:46', '2016-05-12 23:43:46', 'Rathole', '', 0, 159, 158, 46.851316666667, 9.5348716666667, TRUE),
(98, 1, '2016-05-13 10:10:58', '2016-05-13 10:10:58', 'Madretsch', '', 0, 160, 160, 47.1347, 7.25523, FALSE),
(99, 1, '2016-05-13 12:37:50', '2016-05-13 12:37:50', 'Skatepark Littau', '', 0, 161, 161, 47.0567, 8.27059, FALSE),
(100, 1, '2016-05-13 12:44:02', '2016-05-13 12:44:02', 'Wildbach benches', '', 0, 162, 162, 47.2106, 7.51649, FALSE),
(101, 1, '2016-05-16 21:54:04', '2016-05-16 21:54:04', 'Ledge della posta', '', 0, 163, 163, 46.1651, 8.76189, FALSE),
(102, 1, '2016-05-18 18:20:57', '2016-05-18 18:20:57', 'Stadthalle', '', 0, 164, 164, 46.8468, 9.52516, FALSE),
(103, 1, '2016-05-19 10:35:34', '2016-05-19 10:35:34', 'Double set', '', 0, 165, 165, 46.8313, 6.65931, FALSE),
(104, 1, '2016-05-19 21:50:00', '2016-05-19 21:50:00', 'Bowl Kortrijk', '', 0, 166, 166, 50.8341, 3.2702, FALSE),
(105, 1, '2016-05-19 21:55:38', '2016-05-19 21:55:38', 'Park n''sun', '', 0, 167, 167, 47.0913, 6.8145, FALSE),
(106, 1, '2016-05-19 22:27:40', '2016-05-19 22:27:40', 'Ledge', '', 0, 169, 168, 45.9392, 8.5733, FALSE),
(107, 1, '2016-05-20 08:14:48', '2016-05-20 08:14:48', 'Skatepark Lido di Camaiore', '', 0, 170, 170, 43.909, 10.224, FALSE),
(108, 1, '2016-05-22 21:03:48', '2016-05-22 21:03:48', 'Barriers', '', 0, 171, 171, 43.8372, 10.5081, FALSE),
(109, 1, '2016-05-22 21:16:51', '2016-05-22 21:16:51', 'Bowl Pisa', '', 0, 173, 172, 43.71475, 10.4252, FALSE),
(110, 1, '2016-05-22 21:27:30', '2016-05-22 21:27:30', 'Skatepark Pietrasanta', '', 0, 175, 174, 43.96, 10.22525, FALSE),
(111, 1, '2016-05-22 21:45:32', '2016-05-22 21:45:32', 'Elbo', '', 5, 337, 176, 44.5302, 11.3687, FALSE),
(112, 1, '2016-05-23 14:00:10', '2016-05-23 14:00:10', 'Bädli d.i.y.', '', 0, 177, 177, 47.4113, 9.47039, TRUE),
(113, 1, '2016-05-23 16:06:23', '2016-05-23 16:06:23', 'Barriers', '', 0, 178, 178, 43.9782, 10.1995, TRUE),
(114, 1, '2016-05-23 17:27:10', '2016-05-23 17:27:10', 'Creedence d.i.y.', '', 0, 179, 179, 45.5192, 9.98291, FALSE),
(115, 2, '2016-05-23 19:46:38', '2016-05-23 19:46:38', 'Le petit désolé', '', 0, 180, 180, 43.7736, -1.29318, FALSE),
(116, 1, '2016-05-23 22:47:36', '2016-05-23 22:47:36', 'Skatepark Oostende', '', 0, 181, 181, 51.222, 2.92447, FALSE),
(117, 1, '2016-05-23 22:56:24', '2016-05-23 22:56:24', 'Skatepark Mechelen', '', 0, 183, 182, 51.02455, 4.492655, FALSE),
(118, 1, '2016-05-23 23:01:11', '2016-05-23 23:01:11', 'Bowl Antwerpen', '', 0, 184, 184, 51.2315, 4.41924, FALSE),
(119, 1, '2016-05-23 23:04:52', '2016-05-23 23:04:52', 'Skatepark Halle', '', 0, 186, 185, 50.73825, 4.24007, FALSE),
(120, 1, '2016-05-24 20:24:32', '2016-05-24 20:24:32', 'Snakerun Malans', '', 0, 188, 187, 46.9785, 9.5739, FALSE),
(121, 1, '2016-05-29 18:29:29', '2016-05-29 18:29:29', 'Parcheggio dell''Esselunga', '', 0, 189, 189, 45.9298, 8.55494, FALSE),
(122, 1, '2016-05-30 23:04:00', '2016-05-30 23:04:00', 'Skatepark St. Gallen', '', 0, 191, 190, 47.42105, 9.361515, FALSE),
(123, 1, '2016-05-31 11:36:30', '2016-05-31 11:36:30', 'The Beast', '', 0, 193, 192, 47.392, 8.50549, FALSE),
(124, 1, '2016-06-03 10:04:02', '2016-06-03 10:04:02', 'Railway Skatepark', '', 0, 194, 194, 45.5165, 10.2204, FALSE),
(125, 2, '2016-06-03 15:50:16', '2016-06-03 15:50:16', 'Skatepark Algorta', '', 0, 196, 195, 43.3551, -3.01826, FALSE),
(126, 1, '2016-06-06 11:39:31', '2016-06-06 11:39:31', '3 up 3 down', '', 0, 197, 197, 37.7678, -122.42, FALSE),
(127, 1, '2016-06-06 13:02:35', '2016-06-06 13:02:35', 'Nautilus middle school', '', 0, 200, 199, 25.8155, -80.1348, FALSE),
(128, 1, '2016-06-06 13:10:37', '2016-06-06 13:10:37', 'MLK Banks', '', 0, 202, 201, 25.83195, -80.21195, FALSE),
(129, 1, '2016-06-06 13:19:10', '2016-06-06 13:19:10', 'Handrails', '', 0, 203, 203, 25.9072, -80.3254, FALSE),
(130, 1, '2016-06-06 13:23:35', '2016-06-06 13:23:35', 'Ice ledges', '', 0, 205, 204, 25.93895, -80.2983, FALSE),
(131, 1, '2016-06-06 14:23:11', '2016-06-06 14:23:11', 'Skatepark Indian Hammocks', '', 0, 208, 207, 25.694466666667, -80.371666666667, FALSE),
(132, 1, '2016-06-06 16:35:52', '2016-06-06 16:35:52', 'Scuola elementare', '', 0, 209, 209, 46.0683, 8.25892, FALSE),
(133, 1, '2016-06-06 17:09:06', '2016-06-06 17:09:06', 'Skatepark Pier 62', '', 0, 214, 213, 40.74868, -74.00946, FALSE),
(134, 1, '2016-06-09 23:40:38', '2016-06-09 23:40:38', 'Blu handrail', '', 0, 216, 215, 47.1247, 7.27582, FALSE),
(135, 1, '2016-06-09 23:44:47', '2016-06-09 23:44:47', 'A.S.L.', '', 0, 217, 217, 45.9292, 8.56428, FALSE),
(136, 1, '2016-06-09 23:45:42', '2016-06-09 23:45:42', 'Curbed rail', '', 0, 218, 218, 47.1437, 7.27213, FALSE),
(137, 1, '2016-06-15 21:30:35', '2016-06-15 21:30:35', 'Tcs', '', 0, 219, 219, 46.008, 8.95348, FALSE),
(138, 1, '2016-06-15 21:32:22', '2016-06-15 21:32:22', 'Curb', '', 0, 220, 220, 47.1461, 7.28233, FALSE),
(139, 1, '2016-06-15 21:36:47', '2016-06-15 21:36:47', 'Gap over prato', '', 0, 221, 221, 45.9393, 8.57233, FALSE),
(140, 1, '2016-06-15 21:38:19', '2016-06-15 21:38:19', 'Piazza delle banche', '', 0, 222, 222, 45.9384, 8.57469, FALSE),
(141, 1, '2016-06-16 07:54:10', '2016-06-16 07:54:10', 'Mercatone uno', '', 0, 223, 223, 46.1344, 8.29685, FALSE),
(142, 1, '2016-06-16 20:34:46', '2016-06-16 20:34:46', 'Rail ikea', '', 0, 224, 224, 45.9735, 8.92776, FALSE),
(143, 1, '2016-06-21 17:08:01', '2016-06-21 17:08:01', 'Bank', '', 0, 225, 225, 43.7648, 10.3431, FALSE),
(144, 1, '2016-06-21 22:35:03', '2016-06-21 22:35:03', 'Gap stretto', '', 0, 226, 226, 45.9412, 8.571, FALSE),
(145, 1, '2016-06-21 22:38:13', '2016-06-21 22:38:13', 'Handrail de la gare', '', 0, 227, 227, 47.1313, 7.24213, FALSE),
(146, 1, '2016-06-21 22:44:31', '2016-06-21 22:44:31', 'Skatepark  Busswil', '', 0, 228, 228, 47.1006, 7.32333, FALSE),
(147, 1, '2016-06-21 22:46:32', '2016-06-21 22:46:32', 'Miniramp', '', 0, 229, 229, 47.1919, 7.17358, TRUE),
(148, 1, '2016-06-21 22:48:35', '2016-06-21 22:48:35', 'Miniramp', '', 0, 230, 230, 45.7482, 8.5506, FALSE),
(149, 1, '2016-06-22 08:43:30', '2016-06-22 08:43:30', 'Mr. Wilson Skatehalle', '', 0, 254, 231, 51.32275, 9.478845, FALSE),
(150, 2, '2016-06-22 12:50:22', '2016-06-22 12:50:22', 'Adriatic Bowl', '', 0, 232, 232, 43.8511, 13.003, FALSE),
(151, 1, '2016-06-23 16:06:29', '2016-06-23 16:06:29', 'Ledges', '', 0, 234, 233, 50.0944, 14.4163, FALSE),
(152, 1, '2016-06-23 16:12:11', '2016-06-23 16:12:11', 'Stalin plaza', '', 0, 236, 235, 50.09475, 14.4156, FALSE),
(153, 1, '2016-07-16 13:10:57', '2016-07-16 13:10:57', 'Curb', '', 0, 237, 237, 50.1148, 8.67731, FALSE),
(154, 1, '2016-07-16 13:57:48', '2016-07-16 13:57:48', 'Welle', '', 0, 239, 238, 50.1159, 8.674545, FALSE),
(155, 1, '2016-07-16 14:16:52', '2016-07-16 14:16:52', 'Bockenheimer banks', '', 0, 243, 242, 50.11975, 8.65313, FALSE),
(156, 1, '2016-07-16 15:27:14', '2016-07-16 15:27:14', 'Black mamba ledge', '', 0, 244, 244, 50.1114, 8.6557, FALSE),
(157, 1, '2016-07-16 16:15:12', '2016-07-16 16:15:12', 'Ghetto park', '', 0, 247, 246, 50.0958, 8.6396133333333, FALSE),
(158, 1, '2016-07-16 19:56:01', '2016-07-16 19:56:01', 'Hafenpark', '', 0, 250, 249, 50.1087, 8.70832, FALSE),
(159, 1, '2016-07-17 15:17:11', '2016-07-17 15:17:11', 'Mr. Wilson', '', 0, 253, 252, 51.3228, 9.47904, FALSE),
(160, 1, '2016-07-18 09:36:30', '2016-07-18 09:36:30', 'Skatepark  Ulm', '', 0, 258, 257, 48.4038, 9.94755, FALSE),
(161, 1, '2016-07-26 09:37:03', '2016-07-26 09:37:03', 'Bowl Mayrhofen', '', 0, 259, 259, 47.1635, 11.8688, FALSE),
(162, 1, '2016-07-26 09:44:35', '2016-07-26 09:44:35', 'Skatepark Les Deux Alpes', '', 0, 260, 260, 45.0102, 6.1264, FALSE),
(163, 2, '2016-08-03 09:21:27', '2016-08-03 09:21:27', 'Skatepark Whistler', '', 0, 262, 261, 50.1174, -122.951, FALSE),
(164, 1, '2016-08-03 18:26:20', '2016-08-03 18:26:20', 'Skatepark Walenstadt', '', 0, 264, 263, 47.1242, 9.30294, FALSE),
(165, 1, '2016-08-16 19:26:56', '2016-08-16 19:26:56', 'Balzers Schuelhaus', '', 0, 266, 265, 47.0664, 9.50103, FALSE),
(166, 1, '2016-08-16 20:29:34', '2016-08-16 20:29:34', 'Kirche ledge', '', 1, 267, 267, 47.1265, 9.52434, FALSE),
(167, 2, '2016-08-23 07:34:28', '2016-08-23 07:34:28', 'Craig Ranch Skatepark', '', 1, 269, 268, 36.23985, -115.1535, FALSE),
(169, 2, '2016-08-27 10:57:46', '2016-08-27 10:57:46', 'La Boheme d.i.y', '', 1, 272, 271, 45.72575, 9.149375, FALSE),
(170, 2, '2016-08-27 11:11:59', '2016-08-27 11:11:59', 'Ledge to gap', '', 2, 275, 274, 45.737066666667, 9.1267466666667, FALSE),
(171, 1, '2016-08-30 20:17:48', '2016-08-30 20:17:48', 'Bündner Kantonsschule', '', 12, 278, 277, 46.846533333333, 9.5350366666667, FALSE),
(172, 1, '2016-09-14 08:12:37', '2016-09-14 08:12:37', 'Skatepark Osimo', '', 7, 281, 280, 43.476, 13.49545, FALSE),
(173, 1, '2016-09-22 19:06:33', '2016-09-22 19:06:33', 'Bowl Balzers ', '', 6, 283, 282, 47.0663, 9.50034, FALSE),
(174, 1, '2016-09-30 13:24:42', '2016-09-30 13:24:42', 'Skatepark Seregno', '', 1, 284, 284, 45.6605, 9.21089, FALSE),
(175, 2, '2016-10-01 22:21:54', '2016-10-01 22:21:54', 'Skatepark Péitruss', '', 8, 286, 285, 49.6066, 6.133155, FALSE),
(176, 1, '2016-10-25 17:23:58', '2016-10-25 17:23:58', 'Fontain grand place', '', 0, 287, 287, 46.8022, 7.1541, FALSE),
(177, 1, '2016-10-26 08:41:51', '2016-10-26 08:41:51', 'Minirail', '', 0, 288, 288, 46.8053, 7.15444, FALSE),
(178, 1, '2016-10-26 09:00:45', '2016-10-26 09:00:45', 'Centre Professional', '', 0, 289, 289, 46.8081, 7.15727, FALSE),
(179, 1, '2016-10-26 10:57:29', '2016-10-26 10:57:29', 'Equilibre', '', 10, 292, 291, 46.8034, 7.1532366666667, FALSE),
(180, 1, '2016-10-27 15:29:00', '2016-10-27 15:29:00', 'Bowl Skatepark Fully', '', 5, 294, 293, 46.1386, 7.11891, FALSE),
(181, 1, '2016-10-30 11:46:15', '2016-10-30 11:46:15', 'Skatepark Naters', '', 5, 296, 295, 46.32585, 8.00527, FALSE),
(182, 1, '2016-11-05 15:32:10', '2016-11-05 15:32:10', 'Reitschule bowl', '', 6, 298, 297, 46.952, 7.44455, FALSE),
(183, 2, '2016-11-30 09:12:11', '2016-11-30 09:12:11', 'Skatepark Albufeira', '', 2, 305, 305, 37.0996, -8.23852, FALSE),
(184, 1, '2016-12-27 18:00:38', '2016-12-27 18:00:38', 'Skills park street', '', 15, 309, 308, 47.49515, 8.71885, FALSE),
(185, 1, '2016-12-27 18:04:22', '2016-12-27 18:04:22', 'Skills park bowl', '', 5, 311, 310, 47.4954, 8.719035, FALSE),
(186, 1, '2017-01-03 13:34:50', '2017-01-03 13:34:50', 'Curb', '', 5, 313, 312, 38.7082, -9.137335, FALSE),
(187, 1, '2017-03-01 15:13:05', '2017-03-01 15:13:05', 'Skatepark Siberia', '', 5, 315, 314, 46.1619, 8.772425, FALSE),
(188, 1, '2017-12-30 12:17:18', '2017-12-30 12:17:18', 'Holenstein miniramp', '', 0, 316, 316, 47.0313, 9.07636, TRUE),
(189, 1, '2017-12-30 12:32:22', '2017-12-30 12:32:22', 'Barceloneta', '', 15, 343, 319, 47.4803, 8.3011375, FALSE),
(190, 2, '2017-12-30 19:20:16', '2017-12-30 19:20:16', 'Wood curbs', '', 0, 320, 320, 39.7109, 3.46002, FALSE),
(191, 2, '2017-12-30 19:45:43', '2017-12-30 19:45:43', 'Blue rails', '', 0, 321, 321, 39.4844, 2.85169, FALSE),
(192, 2, '2017-12-30 19:52:39', '2017-12-30 19:52:39', 'King Cobra', '', 5, 385, 322, 39.49575, 2.759495, FALSE),
(193, 2, '2017-12-30 19:54:32', '2017-12-30 19:54:32', 'Placa del comerc', '', 0, 323, 323, 39.4208, 3.26131, FALSE),
(194, 2, '2017-12-30 19:57:44', '2017-12-30 19:57:44', 'Placa Sant Jaume', '', 0, 324, 324, 39.5716, 3.20413, FALSE),
(195, 2, '2017-12-30 20:03:31', '2017-12-30 20:03:31', 'Placa Ramon Llull', '', 0, 325, 325, 39.5667, 3.21173, FALSE),
(196, 2, '2017-12-30 20:07:13', '2017-12-30 20:07:13', 'Down ledges', '', 10, 372, 371, 39.506733333333, 2.7540833333333, FALSE),
(197, 2, '2017-12-30 20:13:07', '2017-12-30 20:13:07', 'Ledges Sa Cabaneta', '', 10, 370, 369, 39.620466666667, 2.7492633333333, FALSE),
(198, 2, '2017-12-30 20:22:26', '2017-12-30 20:22:26', 'Parc de Sa Feixina', '', 5, 347, 328, 39.5706, 2.64024, FALSE),
(199, 2, '2017-12-30 20:25:08', '2017-12-30 20:25:08', 'Inca banks', '', 20, 380, 379, 39.72162, 2.9137, FALSE),
(200, 2, '2017-12-30 20:39:03', '2017-12-30 20:39:03', 'Skatepark Sa Riera', '', 10, 346, 345, 39.585266666667, 2.6394733333333, FALSE),
(201, 2, '2017-12-30 20:43:49', '2017-12-30 20:43:49', 'Skatepark Felantix', '', 0, 331, 331, 39.4669, 3.13783, FALSE),
(202, 2, '2018-01-03 12:43:40', '2018-01-03 12:43:40', 'Auditorio ledge', '', 0, 332, 332, 38.3537, -0.486473, FALSE),
(203, 2, '2018-01-04 08:59:44', '2018-01-04 08:59:44', 'Skatepark Inca', '', 5, 381, 333, 39.72415, 2.903085, FALSE),
(204, 2, '2018-01-04 11:58:56', '2018-01-04 11:58:56', 'Plaza Seneca', '', 5, 335, 334, 38.3411, -0.490729, FALSE),
(205, 2, '2018-01-04 16:31:34', '2018-01-04 16:31:34', 'Skatepark Santa Pola', '', 5, 406, 336, 38.20115, -0.572499, FALSE),
(206, 1, '2018-01-04 21:25:38', '2018-01-04 21:25:38', 'Skatepark Cogolin', '', 0, 338, 338, 43.2469, 6.53638, FALSE),
(207, 2, '2018-01-04 21:28:12', '2018-01-04 21:28:12', 'Skatepark Hyères', '', 5, 340, 339, 43.1168, 6.144425, FALSE),
(208, 2, '2018-01-04 21:42:50', '2018-01-04 21:42:50', 'Skatepark Draguignan', '', 5, 342, 341, 43.53915, 6.448035, FALSE),
(209, 1, '2018-01-06 15:40:08', '2018-01-06 15:40:08', 'Blue wawe', '', 0, 344, 344, 39.5658, 2.62634, FALSE),
(210, 1, '2018-01-12 19:43:25', '2018-01-12 19:43:25', 'Skatepark', '', 5, 349, 348, 39.58885, 2.62785, FALSE),
(211, 1, '2018-01-12 19:44:47', '2018-01-12 19:44:47', 'Velodromo', '', 5, 351, 350, 39.58815, 2.628775, FALSE),
(212, 1, '2018-01-12 19:46:32', '2018-01-12 19:46:32', 'Fontana', '', 0, 352, 352, 39.514, 2.48052, FALSE),
(213, 1, '2018-01-12 19:47:33', '2018-01-12 19:47:33', 'Banks', '', 10, 357, 356, 39.520033333333, 2.4868666666667, FALSE),
(214, 1, '2018-01-12 19:48:19', '2018-01-12 19:48:19', 'Skatepark Santa Ponca', '', 0, 354, 354, 39.5218, 2.49634, FALSE),
(215, 1, '2018-01-12 19:49:38', '2018-01-12 19:49:38', 'Quarter', '', 0, 355, 355, 39.5445, 2.38668, FALSE),
(216, 1, '2018-01-12 19:52:25', '2018-01-12 19:52:25', 'La Cruz', '', 5, 359, 358, 39.5129, 2.46666, FALSE),
(217, 1, '2018-01-12 19:56:34', '2018-01-12 19:56:34', 'Es Generador', '', 5, 361, 360, 39.5273, 2.543375, FALSE),
(218, 1, '2018-01-12 19:59:48', '2018-01-12 19:59:48', 'Ruine spot', '', 15, 365, 364, 39.815325, 3.104475, FALSE),
(219, 1, '2018-01-12 20:03:26', '2018-01-12 20:03:26', 'Bank Colegio', '', 10, 368, 367, 39.8494, 3.12964, FALSE),
(220, 1, '2018-01-12 20:08:55', '2018-01-12 20:08:55', 'Ballerman banks', '', 5, 374, 373, 39.53, 2.7295, FALSE),
(221, 1, '2018-01-12 20:17:26', '2018-01-12 20:17:26', 'Curbs', '', 5, 376, 375, 39.72115, 2.914625, FALSE),
(222, 1, '2018-01-12 20:24:57', '2018-01-12 20:24:57', 'Plaza Concordia', '', 10, 384, 383, 39.7726, 3.0174733333333, FALSE),
(223, 2, '2018-02-08 13:44:34', '2018-02-08 13:44:34', 'Bonassodromo', '', 0, 386, 386, 45.6474, 9.35345, FALSE),
(224, 1, '2019-04-18 18:37:50', '2019-04-18 18:37:50', 'Mini Riva del Garda', '', 10, 399, 398, 45.899033333333, 10.844666666667, FALSE),
(225, 2, '2019-04-18 18:42:25', '2019-04-18 18:42:25', 'Wave Skatepark', '', 0, 388, 388, 45.5924, 9.89148, FALSE),
(226, 2, '2019-04-18 18:45:41', '2019-04-18 18:45:41', 'Polaresco Bowl', '', 0, 389, 389, 45.6908, 9.63399, FALSE),
(227, 2, '2019-04-18 18:55:19', '2019-04-18 18:55:19', 'Skatepark Desenzano', '', 0, 390, 390, 45.4587, 10.5519, FALSE),
(228, 2, '2019-04-18 19:00:28', '2019-04-18 19:00:28', 'Skatepark Trento', '', 20, 395, 394, 46.05218, 11.1153, FALSE),
(229, 1, '2019-04-20 13:09:17', '2019-04-20 13:09:17', 'Quarter', '', 5, 397, 396, 46.07395, 10.99515, FALSE),
(230, 1, '2019-05-30 12:27:51', '2019-05-30 12:27:51', 'D.i.y Caribu', '', 5, 401, 400, 41.54945, 2.43696, FALSE),
(231, 1, '2019-05-31 10:57:07', '2019-05-31 10:57:07', 'Bowl', '', 10, 404, 403, 39.460266666667, -0.35814733333333, FALSE),
(232, 1, '2019-06-02 14:27:58', '2019-06-02 14:27:58', 'Skatepark Ronda', '', 0, 405, 405, 36.7508, -5.14826, FALSE),
(233, 1, '2019-06-12 10:47:10', '2019-06-12 10:47:10', 'Skateboarding ramo WCC', '', 5, 408, 407, 42.9122, 3.018655, FALSE);

-- --------------------------------------------------------

--
-- Table structure for table "spots_user"
--

CREATE TABLE spots_user (
  id serial NOT NULL,
  username varchar(255) NOT NULL,
  username_canonical varchar(255) NOT NULL,
  email varchar(255) NOT NULL,
  email_canonical varchar(255) NOT NULL,
  enabled boolean NOT NULL,
  salt varchar(255) NOT NULL,
  password varchar(255) NOT NULL,
  last_login timestamp DEFAULT NULL,
  locked boolean NOT NULL,
  expired boolean NOT NULL,
  expires_at timestamp DEFAULT NULL,
  confirmation_token varchar(255) DEFAULT NULL,
  password_requested_at timestamp DEFAULT NULL,
  roles text NOT NULL,
  credentials_expired boolean NOT NULL,
  credentials_expire_at timestamp DEFAULT NULL,
  created timestamp NOT NULL,
  reputation integer NOT NULL
);

--
-- Dumping data for table "spots_user"
--

INSERT INTO spots_user (id, username, username_canonical, email, email_canonical, enabled, salt, password, last_login, locked, expired, expires_at, confirmation_token, password_requested_at, roles, credentials_expired, credentials_expire_at, created, reputation) VALUES
(1, 'domi', 'domi', 'lombardi.damiano@gmail.com', 'lombardi.damiano@gmail.com', TRUE, 'ikqxmzv0mmo8gw0g8kk08g8cw4gso4s', 'Gcxp/hF8ohqpsQhz19kfcYZoHoCvaWqqylCq+EDW9Vj5GZ6pp/rtneMspHDuWpWoxTqJOBavUeDpFaQypB8ItA==', '2019-06-12 10:46:18', FALSE, FALSE, NULL, NULL, NULL, 'a:0:{}', FALSE, NULL, '2015-03-10 23:26:03', 1333),
(2, 'lowerspot', 'lowerspot', 'domi@lowerclassclothing.com', 'domi@lowerclassclothing.com', TRUE, 'qk7tu6bophwscck484wook4w4c880kg', 's7W0ZCvYEnOI254wGG+lx9KbxuGt8bkGro9PEXKNyosIWPTC6Kb4iVBGW89pqyByAylv3lyqp9yhwx2b4zTRtQ==', '2019-04-19 08:31:55', FALSE, FALSE, NULL, NULL, NULL, 'a:0:{}', FALSE, NULL, '2015-08-31 17:10:31', 752),
(3, 'tricci', 'tricci', 'lombardisabrina91@gmail.com', 'lombardisabrina91@gmail.com', TRUE, 'be55n3lq1m0o8000k08sw40cgg8w04o', 'MXaX8+F/ikTY6ycPT+/rclAFIT7wL1DU6o3gy2DcXhr98618XjiqOZEHvUTOoqPYGKoys+9dbcDRoQnrV0jDZw==', '2016-08-21 10:59:56', FALSE, FALSE, NULL, NULL, NULL, 'a:0:{}', FALSE, NULL, '2015-10-28 12:31:16', 0),
(4, 'admin', 'admin', 'admin@lowerclassclothing.com', 'admin@lowerclassclothing.com', TRUE, 'fkcyheaekkoo8cc0k48gc84gw48ssck', 'Qpdp0wHguih6YnJtg/CEAs5xFGfe7Zf0E+dF2Y6oy32sxcjEchiafdXpMF+sP8bqrHhau/qGrMKJx87t9Kj6aA==', '2015-11-10 21:52:08', FALSE, FALSE, NULL, NULL, NULL, 'a:0:{}', FALSE, NULL, '2015-11-10 20:54:47', 0),
(5, 'root', 'root', 'root@lowerclassclothing', 'root@lowerclassclothing', TRUE, '1s7ge4zc2dvoo0w4cw40w4g0kwc80ww', 'Re/no50FhIR4BZYY6KQeROTW3TbGJLPGsucwmLxtz9vh219V6G5kmjFestsnd76zjOYy7MdoX6RnmcJPbUaHag==', '2015-11-10 22:47:50', FALSE, FALSE, NULL, NULL, NULL, 'a:0:{}', FALSE, NULL, '2015-11-10 21:52:55', 0),
(6, 'anonymous', 'anonymous', 'anonymous@lowerspot.com', 'anonymous@lowerspot.com', TRUE, '2yzww4o6fsowgkwgckc88sc8gcgw8c', 'Y0jL1+dJp/uQ7/Klb8GN7kULDi7jJjWlVnQvf+KoHkiQDEMo7sXx0w2qWhewP2MxECNhaVvLS6yegvHtsVXuKQ==', '2016-07-14 19:05:58', FALSE, FALSE, NULL, NULL, NULL, 'a:0:{}', FALSE, NULL, '2016-07-14 19:05:58', 0),
(7, 'elise', 'elise', 'elise.ponzio@gmail.com', 'elise.ponzio@gmail.com', TRUE, 'l0mgsb2gqxww0ow00gwks0ow0w0044g', 'PyrJ+W+IEgI1zWxjTDdry8sTudE4bzp8WcRVrzLOuac/EKDn0dbN+BRy1S5rh7ji2pT4/+7QzxrNr2uHXln4Sw==', '2016-11-30 17:02:51', FALSE, FALSE, NULL, NULL, NULL, 'a:0:{}', FALSE, NULL, '2016-08-20 21:30:10', 0),
(8, 'portugaltrip', 'portugaltrip', 'portugal@trip.trip', 'portugal@trip.trip', TRUE, '25zpnwymro9w8k8g0w0osks0gkckwc8', 'adTRCRaXLqPMf0QO15zqaniYzXMcGBx3FHLwrnGtF0f0ya10l34hVcWPa1PJVeMi4foQwJEJQpj0mAfEL3o+7A==', '2016-11-30 16:34:25', FALSE, FALSE, NULL, NULL, NULL, 'a:0:{}', FALSE, NULL, '2016-11-29 23:31:41', 22),
(9, 'malletrip', 'malletrip', 'Malletrip@lowerspot.com', 'malletrip@lowerspot.com', TRUE, 'iurqdtptatc08444gc4gk8kwkogc48c', 'AlzJ6UZYv7MLB+/kMVlXYJus05+GMqutoAHZNyN9kRsneZkZGTOkOjxhsfR2RS/OLyh9qY76tsXRYIMj8BNe3g==', '2017-11-21 09:18:46', FALSE, FALSE, NULL, NULL, NULL, 'a:0:{}', FALSE, NULL, '2017-11-21 09:18:46', 0);

--
-- Indexes for dumped tables
--

ALTER TABLE spots_user
  ADD PRIMARY KEY (id);

ALTER TABLE spots_picture
  ADD PRIMARY KEY (id);

ALTER TABLE spots_picture_user
  ADD PRIMARY KEY (spots_picture_id, user_id);

ALTER TABLE spots_spot
  ADD PRIMARY KEY (id);

ALTER TABLE spots_picture
  ADD FOREIGN KEY (user_id) REFERENCES spots_user (id),
  ADD FOREIGN KEY (spot_id) REFERENCES spots_spot (id);

--
-- Indexes for table "spots_picture_user"
--
ALTER TABLE spots_picture_user
  ADD FOREIGN KEY (spots_picture_id) REFERENCES spots_picture(id) ON DELETE CASCADE,
  ADD FOREIGN KEY (user_id) REFERENCES spots_user(id) ON DELETE CASCADE;

--
-- Indexes for table "spots_spot"
--
ALTER TABLE spots_spot
  ADD FOREIGN KEY (picture1_id) REFERENCES spots_picture(id),
  ADD FOREIGN KEY (picture2_id) REFERENCES spots_picture(id),
  ADD FOREIGN KEY (user_id) REFERENCES spots_user(id);



COMMIT;

/*!40101 SET CHARACTER_SET_CLIENT=@OLD_CHARACTER_SET_CLIENT */;
/*!40101 SET CHARACTER_SET_RESULTS=@OLD_CHARACTER_SET_RESULTS */;
/*!40101 SET COLLATION_CONNECTION=@OLD_COLLATION_CONNECTION */;
