


START TRANSACTION;

--
-- Table structure for table "spots_picture"
--
CREATE TABLE spots_picture (
  id serial NOT NULL,
  user_id integer NOT NULL,
  spot_id integer NOT NULL,
  created timestamp NOT NULL,
  position geometry NOT NULL,
  published boolean NOT NULL
);

--
-- Dumping data for table "spots_picture"
--

INSERT INTO spots_picture (id, user_id, spot_id, created, position, published) VALUES
(1, 1, 1, '2014-10-29 20:59:38', 'POINT(8.62421 46.5287)', TRUE),
(2, 1, 2, '2014-11-03 20:00:42', 'POINT(8.73882 46.4914)', TRUE),
(3, 1, 3, '2014-11-19 20:39:21', 'POINT(8.86018 45.3067)', TRUE),
(4, 1, 4, '2014-11-19 21:05:12', 'POINT(8.60869 46.5278)', TRUE),
(5, 1, 5, '2014-11-19 21:33:33', 'POINT(7.24083 47.1318)', TRUE),
(6, 1, 6, '2014-12-30 15:59:35', 'POINT(8.28781 47.4586)', TRUE),
(7, 1, 7, '2014-12-30 16:29:18', 'POINT(8.95953 46.0224)', TRUE),
(8, 1, 8, '2015-01-12 22:29:14', 'POINT(9.52224 46.8555)', TRUE),
(9, 1, 9, '2015-01-13 22:13:55', 'POINT(8.35412 49.0198)', TRUE),
(10, 1, 10, '2015-01-20 19:11:22', 'POINT(9.26478 46.8181)', TRUE),
(11, 1, 11, '2015-01-21 23:03:33', 'POINT(7.25799 47.1395)', TRUE),
(12, 1, 12, '2015-01-31 17:06:30', 'POINT(8.2482 50.0661)', TRUE),
(13, 1, 13, '2015-03-08 11:47:39', 'POINT(9.01513 46.19)', TRUE),
(14, 1, 14, '2015-03-11 22:59:00', 'POINT(4.88384 52.3582)', TRUE),
(15, 1, 15, '2015-03-16 23:07:30', 'POINT(7.58691 47.5804)', TRUE),
(16, 1, 16, '2015-03-17 21:12:14', 'POINT(8.30826 47.4777)', TRUE),
(17, 1, 17, '2015-03-17 21:57:23', 'POINT(-123.135 49.3268)', TRUE),
(18, 1, 18, '2015-03-17 22:19:24', 'POINT(8.2582 47.2272)', TRUE),
(19, 1, 19, '2015-03-18 18:37:18', 'POINT(9.494317 47.014754)', TRUE),
(20, 1, 20, '2015-03-19 17:46:27', 'POINT(9.52924 46.8546)', TRUE),
(21, 1, 1, '2015-04-01 22:39:38', 'POINT(8.624199 46.528763)', TRUE),
(22, 1, 1, '2015-04-01 22:45:13', 'POINT(8.624199 46.528763)', TRUE),
(23, 1, 21, '2015-04-07 19:32:36', 'POINT(9.53488 46.8517)', TRUE),
(24, 1, 22, '2015-04-08 19:09:03', 'POINT(9.43255 47.0375)', TRUE),
(25, 1, 23, '2015-04-10 16:04:37', 'POINT(9.26374 46.8196)', TRUE),
(26, 1, 3, '2015-04-14 23:13:31', 'POINT(8.86028 45.3065)', TRUE),
(27, 1, 24, '2015-04-15 19:31:39', 'POINT(9.52507 46.8507)', TRUE),
(28, 1, 24, '2015-04-15 19:32:35', 'POINT(9.52507 46.8507)', TRUE),
(29, 1, 8, '2015-04-15 19:43:51', 'POINT(9.52223 46.8556)', TRUE),
(30, 1, 25, '2015-04-15 19:58:23', 'POINT(9.5248 46.8558)', TRUE),
(31, 1, 25, '2015-04-15 19:59:01', 'POINT(9.5248 46.8558)', TRUE),
(32, 1, 26, '2015-04-15 20:07:08', 'POINT(9.53478 46.8528)', TRUE),
(33, 1, 27, '2015-04-15 20:11:15', 'POINT(9.53047 46.8495)', TRUE),
(34, 1, 21, '2015-04-20 19:59:52', 'POINT(9.53386 46.8518)', TRUE),
(35, 1, 15, '2015-04-28 19:31:39', 'POINT(7.58711 47.5805)', TRUE),
(36, 1, 28, '2015-05-05 21:36:04', 'POINT(7.6152 47.5742)', TRUE),
(37, 1, 28, '2015-05-05 21:38:59', 'POINT(7.6152 47.5742)', TRUE),
(38, 1, 29, '2015-05-26 22:50:08', 'POINT(8.305869 47.478385)', TRUE),
(39, 1, 30, '2015-05-27 17:34:44', 'POINT(9.55347 46.966)', TRUE),
(40, 1, 31, '2015-05-28 09:49:04', 'POINT(7.57301 47.5704)', TRUE),
(41, 1, 32, '2015-06-01 19:34:25', 'POINT(9.52702 46.8535)', TRUE),
(42, 1, 33, '2015-06-05 11:55:33', 'POINT(9.024 46.1933)', TRUE),
(43, 1, 34, '2015-06-05 12:01:49', 'POINT(9.02317 46.1906)', TRUE),
(44, 1, 35, '2015-06-05 18:05:17', 'POINT(9.04254 46.2212)', TRUE),
(45, 1, 36, '2015-06-09 19:01:47', 'POINT(9.27631 46.8234)', TRUE),
(46, 1, 36, '2015-06-09 19:02:24', 'POINT(9.2767 46.8236)', TRUE),
(47, 1, 37, '2015-06-17 15:35:52', 'POINT(9.44884 46.653)', TRUE),
(48, 1, 38, '2015-06-19 17:59:13', 'POINT(8.32729 49.9759)', TRUE),
(49, 1, 38, '2015-06-19 18:00:03', 'POINT(8.32729 49.9759)', TRUE),
(50, 1, 38, '2015-06-19 18:00:27', 'POINT(8.32729 49.9759)', TRUE),
(51, 1, 38, '2015-06-19 18:01:10', 'POINT(8.32729 49.9759)', TRUE),
(52, 1, 39, '2015-06-20 14:21:33', 'POINT(8.65729 49.8749)', TRUE),
(53, 1, 39, '2015-06-20 15:21:25', 'POINT(8.65665 49.874)', TRUE),
(54, 1, 40, '2015-06-20 16:10:36', 'POINT(8.65194 49.8694)', TRUE),
(55, 1, 41, '2015-06-20 17:10:56', 'POINT(8.650277 49.868422)', TRUE),
(56, 1, 42, '2015-06-20 20:07:32', 'POINT(7.88524 49.968)', TRUE),
(57, 1, 42, '2015-06-20 20:08:15', 'POINT(7.8845 49.969)', TRUE),
(58, 1, 42, '2015-06-20 20:08:31', 'POINT(7.8845 49.969)', TRUE),
(59, 1, 43, '2015-06-21 16:16:50', 'POINT(8.12915 49.1867)', TRUE),
(60, 1, 43, '2015-06-21 16:17:17', 'POINT(8.12915 49.1867)', TRUE),
(61, 1, 43, '2015-06-21 16:17:42', 'POINT(8.12915 49.1867)', TRUE),
(62, 1, 44, '2015-06-30 18:35:51', 'POINT(9.5861 47.254)', TRUE),
(63, 1, 44, '2015-06-30 18:36:14', 'POINT(9.5861 47.254)', TRUE),
(64, 1, 44, '2015-06-30 18:36:33', 'POINT(9.5861 47.254)', TRUE),
(65, 1, 44, '2015-06-30 18:36:51', 'POINT(9.58642 47.2537)', TRUE),
(66, 1, 45, '2015-07-13 19:25:58', 'POINT(9.53648 46.8533)', TRUE),
(67, 1, 45, '2015-07-13 19:26:30', 'POINT(9.53648 46.8533)', TRUE),
(68, 1, 46, '2015-07-20 18:09:13', 'POINT(9.51297 46.8544)', TRUE),
(69, 1, 47, '2015-07-28 17:56:59', 'POINT(9.39781 46.8102)', TRUE),
(70, 1, 48, '2015-08-27 19:09:23', 'POINT(9.4396 47.0399)', TRUE),
(71, 1, 49, '2015-08-27 20:01:40', 'POINT(9.43929 47.0392)', TRUE),
(72, 1, 50, '2015-08-31 20:13:22', 'POINT(9.52862 46.8542)', TRUE),
(73, 1, 7, '2015-09-05 14:42:53', 'POINT(8.95982 46.0242)', TRUE),
(74, 1, 7, '2015-09-05 14:44:17', 'POINT(8.9595 46.0227)', TRUE),
(75, 1, 51, '2015-09-16 14:35:54', 'POINT(8.96745 46.1559)', TRUE),
(76, 1, 51, '2015-09-16 14:36:39', 'POINT(8.96745 46.1559)', TRUE),
(77, 1, 21, '2015-09-21 18:57:20', 'POINT(9.53403 46.8519)', TRUE),
(78, 1, 21, '2015-09-21 19:00:18', 'POINT(9.53403 46.8519)', TRUE),
(79, 1, 52, '2015-09-24 18:15:23', 'POINT(9.52864 46.8474)', TRUE),
(80, 1, 53, '2015-09-28 18:47:09', 'POINT(9.46089 46.8379)', TRUE),
(81, 1, 53, '2015-09-28 18:47:31', 'POINT(9.46089 46.8379)', TRUE),
(82, 1, 54, '2015-09-30 09:37:01', 'POINT(8.69583 46.5092)', TRUE),
(83, 1, 2, '2015-09-30 16:38:51', 'POINT(8.739 46.4914)', TRUE),
(84, 1, 2, '2015-09-30 16:39:24', 'POINT(8.739 46.4914)', TRUE),
(85, 1, 55, '2015-10-21 17:26:15', 'POINT(9.52894 46.851)', TRUE),
(86, 1, 55, '2015-10-21 17:27:20', 'POINT(9.52929 46.851)', TRUE),
(87, 1, 56, '2015-11-22 14:31:31', 'POINT(8.9686 46.351)', TRUE),
(88, 1, 56, '2015-11-22 14:32:02', 'POINT(8.9686 46.351)', TRUE),
(89, 1, 57, '2015-11-22 14:35:59', 'POINT(8.97063 46.3498)', TRUE),
(90, 1, 57, '2015-11-22 14:36:34', 'POINT(8.97063 46.3498)', TRUE),
(91, 1, 58, '2015-11-22 14:48:28', 'POINT(8.96919 46.36)', TRUE),
(92, 1, 59, '2015-11-22 14:59:47', 'POINT(8.96932 46.358)', TRUE),
(93, 1, 60, '2015-11-22 15:29:51', 'POINT(8.93365 46.368)', TRUE),
(94, 1, 61, '2015-11-25 08:18:28', 'POINT(8.9693 46.3607)', TRUE),
(95, 1, 62, '2015-11-28 17:45:44', 'POINT(8.86457 46.1725)', TRUE),
(96, 1, 62, '2015-11-28 17:46:19', 'POINT(8.86457 46.1725)', TRUE),
(97, 1, 62, '2015-11-28 17:47:44', 'POINT(8.86457 46.1725)', TRUE),
(98, 1, 62, '2015-11-28 17:48:19', 'POINT(8.86457 46.1725)', TRUE),
(99, 3, 62, '2015-11-28 17:51:05', 'POINT(8.86461 46.1725)', TRUE),
(100, 1, 63, '2015-12-12 14:05:52', 'POINT(8.84947 46.1718)', TRUE),
(101, 1, 64, '2015-12-17 22:29:44', 'POINT(8.80034 46.1694)', TRUE),
(102, 1, 65, '2015-12-17 23:03:48', 'POINT(9.43049 47.0303)', TRUE),
(103, 1, 66, '2015-12-23 14:20:26', 'POINT(9.02603 46.1951)', TRUE),
(104, 1, 67, '2015-12-23 21:28:24', 'POINT(8.64933 49.868)', TRUE),
(105, 1, 68, '2016-03-09 10:10:51', 'POINT(9.505557 47.151319)', TRUE),
(106, 1, 33, '2016-03-09 12:34:17', 'POINT(9.02361 46.1932)', TRUE),
(107, 1, 53, '2016-04-11 18:14:04', 'POINT(9.46069 46.8377)', TRUE),
(108, 1, 69, '2016-04-11 22:13:11', 'POINT(-80.1854 25.7727)', TRUE),
(109, 1, 70, '2016-04-11 22:16:47', 'POINT(-80.1867 25.773)', TRUE),
(110, 1, 70, '2016-04-11 22:18:11', 'POINT(-80.1867 25.773)', TRUE),
(111, 1, 71, '2016-04-11 22:21:38', 'POINT(-80.1865 25.7729)', TRUE),
(112, 1, 72, '2016-04-11 22:25:37', 'POINT(-80.187 25.7726)', TRUE),
(113, 1, 72, '2016-04-11 22:26:28', 'POINT(-80.187 25.7726)', TRUE),
(114, 1, 72, '2016-04-11 22:27:45', 'POINT(-80.187 25.7726)', TRUE),
(115, 1, 4, '2016-04-13 16:10:36', 'POINT(8.60707 46.5281)', TRUE),
(116, 1, 21, '2016-04-14 18:00:45', 'POINT(9.53328 46.8515)', TRUE),
(117, 1, 73, '2016-04-14 19:09:02', 'POINT(9.53486 46.87)', TRUE),
(118, 1, 74, '2016-04-17 18:48:17', 'POINT(8.93068 46.3672)', TRUE),
(119, 1, 74, '2016-04-17 18:50:02', 'POINT(8.93093 46.3668)', TRUE),
(120, 1, 74, '2016-04-17 19:03:01', 'POINT(8.93039 46.3659)', TRUE),
(121, 1, 75, '2016-04-17 19:25:30', 'POINT(8.53426 47.3699)', TRUE),
(122, 1, 76, '2016-04-18 08:48:45', 'POINT(6.55111 46.5356)', TRUE),
(123, 1, 76, '2016-04-18 08:52:39', 'POINT(6.55121 46.5358)', TRUE),
(124, 1, 77, '2016-04-18 22:38:13', 'POINT(8.67688 49.4116)', TRUE),
(125, 1, 78, '2016-04-20 11:35:12', 'POINT(9.02226 46.1896)', TRUE),
(126, 1, 78, '2016-04-20 11:35:39', 'POINT(9.02219 46.1897)', TRUE),
(127, 1, 34, '2016-04-20 11:39:33', 'POINT(9.02326 46.1905)', TRUE),
(128, 1, 79, '2016-04-20 21:16:21', 'POINT(9.20212 45.485)', TRUE),
(129, 1, 68, '2016-04-21 20:27:52', 'POINT(9.50511 47.151)', TRUE),
(130, 1, 80, '2016-04-21 22:51:43', 'POINT(8.56576 45.9321)', TRUE),
(131, 1, 81, '2016-04-21 22:59:54', 'POINT(8.5307 45.9339)', TRUE),
(132, 1, 82, '2016-04-21 23:09:02', 'POINT(8.62607 45.729)', TRUE),
(133, 1, 82, '2016-04-21 23:09:45', 'POINT(8.62604 45.729)', TRUE),
(134, 1, 82, '2016-04-21 23:10:38', 'POINT(8.62605 45.729)', TRUE),
(135, 1, 83, '2016-04-21 23:16:43', 'POINT(7.23421 47.133)', TRUE),
(136, 1, 84, '2016-04-21 23:21:49', 'POINT(7.25275 47.1373)', TRUE),
(137, 1, 85, '2016-04-21 23:27:13', 'POINT(8.55086 45.7479)', TRUE),
(138, 1, 86, '2016-04-25 23:01:15', 'POINT(7.37856 47.2731)', TRUE),
(139, 1, 87, '2016-04-25 23:05:11', 'POINT(8.24603 46.8845)', TRUE),
(140, 1, 87, '2016-04-25 23:06:01', 'POINT(8.24618 46.8844)', TRUE),
(141, 1, 87, '2016-04-25 23:06:35', 'POINT(8.24606 46.8844)', TRUE),
(142, 1, 88, '2016-04-25 23:11:21', 'POINT(9.61055 47.4023)', TRUE),
(143, 1, 89, '2016-04-25 23:16:53', 'POINT(8.79839 46.478)', TRUE),
(144, 1, 90, '2016-04-25 23:21:22', 'POINT(8.30296 46.5032)', TRUE),
(145, 1, 91, '2016-04-25 23:25:26', 'POINT(7.24657 47.1299)', TRUE),
(146, 1, 92, '2016-04-25 23:34:16', 'POINT(6.82925 47.1025)', TRUE),
(147, 1, 33, '2016-04-29 20:12:49', 'POINT(9.02382 46.1932)', TRUE),
(148, 1, 33, '2016-04-29 20:27:59', 'POINT(9.02386 46.1934)', TRUE),
(149, 1, 93, '2016-05-03 21:18:15', 'POINT(9.53033 46.8536)', TRUE),
(150, 1, 94, '2016-05-08 00:05:39', 'POINT(8.30953 47.4769)', TRUE),
(151, 1, 95, '2016-05-09 19:28:11', 'POINT(9.5729 46.9358)', TRUE),
(152, 1, 95, '2016-05-09 20:31:56', 'POINT(9.57014 46.9318)', TRUE),
(153, 1, 96, '2016-05-10 13:11:58', 'POINT(10.1273 46.1845)', TRUE),
(154, 1, 97, '2016-05-12 23:43:46', 'POINT(9.53493 46.8513)', TRUE),
(155, 1, 97, '2016-05-12 23:44:19', 'POINT(9.53489 46.8513)', TRUE),
(156, 1, 97, '2016-05-12 23:45:01', 'POINT(9.53485 46.8514)', TRUE),
(157, 1, 97, '2016-05-12 23:45:43', 'POINT(9.53495 46.8513)', TRUE),
(158, 1, 97, '2016-05-12 23:46:15', 'POINT(9.53478 46.8512)', TRUE),
(159, 1, 97, '2016-05-12 23:47:16', 'POINT(9.53483 46.8514)', TRUE),
(160, 1, 98, '2016-05-13 10:10:58', 'POINT(7.25523 47.1347)', TRUE),
(161, 1, 99, '2016-05-13 12:37:50', 'POINT(8.27059 47.0567)', TRUE),
(162, 1, 100, '2016-05-13 12:44:02', 'POINT(7.51649 47.2106)', TRUE),
(163, 1, 101, '2016-05-16 21:54:04', 'POINT(8.76189 46.1651)', TRUE),
(164, 1, 102, '2016-05-18 18:20:57', 'POINT(9.52516 46.8468)', TRUE),
(165, 1, 103, '2016-05-19 10:35:34', 'POINT(6.65931 46.8313)', TRUE),
(166, 1, 104, '2016-05-19 21:50:00', 'POINT(3.2702 50.8341)', TRUE),
(167, 1, 105, '2016-05-19 21:55:38', 'POINT(6.8145 47.0913)', TRUE),
(168, 1, 106, '2016-05-19 22:27:40', 'POINT(8.57321 45.9392)', TRUE),
(169, 1, 106, '2016-05-19 22:29:49', 'POINT(8.57339 45.9392)', TRUE),
(170, 1, 107, '2016-05-20 08:14:48', 'POINT(10.224 43.909)', TRUE),
(171, 1, 108, '2016-05-22 21:03:48', 'POINT(10.5081 43.8372)', TRUE),
(172, 1, 109, '2016-05-22 21:16:51', 'POINT(10.4252 43.7148)', TRUE),
(173, 1, 109, '2016-05-22 21:22:14', 'POINT(10.4252 43.7147)', TRUE),
(174, 1, 110, '2016-05-22 21:27:30', 'POINT(10.2252 43.96)', TRUE),
(175, 1, 110, '2016-05-22 21:30:06', 'POINT(10.2253 43.96)', TRUE),
(176, 1, 111, '2016-05-22 21:45:32', 'POINT(11.3683 44.53)', TRUE),
(177, 1, 112, '2016-05-23 14:00:10', 'POINT(9.47039 47.4113)', TRUE),
(178, 1, 113, '2016-05-23 16:06:23', 'POINT(10.1995 43.9782)', TRUE),
(179, 1, 114, '2016-05-23 17:27:10', 'POINT(9.98291 45.5192)', TRUE),
(180, 2, 115, '2016-05-23 19:46:38', 'POINT(-1.29318 43.7736)', TRUE),
(181, 1, 116, '2016-05-23 22:47:36', 'POINT(2.92447 51.222)', TRUE),
(182, 1, 117, '2016-05-23 22:56:24', 'POINT(4.49271 51.0247)', TRUE),
(183, 1, 117, '2016-05-23 22:57:45', 'POINT(4.4926 51.0244)', TRUE),
(184, 1, 118, '2016-05-23 23:01:11', 'POINT(4.41924 51.2315)', TRUE),
(185, 1, 119, '2016-05-23 23:04:52', 'POINT(4.24017 50.7383)', TRUE),
(186, 1, 119, '2016-05-23 23:05:35', 'POINT(4.23997 50.7382)', TRUE),
(187, 1, 120, '2016-05-24 20:24:32', 'POINT(9.5739 46.9785)', TRUE),
(188, 1, 120, '2016-05-24 20:24:51', 'POINT(9.5739 46.9785)', TRUE),
(189, 1, 121, '2016-05-29 18:29:29', 'POINT(8.55494 45.9298)', TRUE),
(190, 1, 122, '2016-05-30 23:04:00', 'POINT(9.36153 47.421)', TRUE),
(191, 1, 122, '2016-05-30 23:05:07', 'POINT(9.3615 47.4211)', TRUE),
(192, 1, 123, '2016-05-31 11:36:30', 'POINT(8.50542 47.392)', TRUE),
(193, 1, 123, '2016-05-31 11:38:33', 'POINT(8.50556 47.392)', TRUE),
(194, 1, 124, '2016-06-03 10:04:02', 'POINT(10.2204 45.5165)', TRUE),
(195, 2, 125, '2016-06-03 15:50:16', 'POINT(-3.01833 43.3551)', TRUE),
(196, 2, 125, '2016-06-03 15:53:28', 'POINT(-3.01819 43.3551)', TRUE),
(197, 1, 126, '2016-06-06 11:39:31', 'POINT(-122.42 37.7678)', TRUE),
(198, 1, 127, '2016-06-06 13:02:35', 'POINT(-80.1348 25.8156)', TRUE),
(199, 1, 127, '2016-06-06 13:04:28', 'POINT(-80.1348 25.8153)', TRUE),
(200, 1, 127, '2016-06-06 13:06:12', 'POINT(-80.1348 25.8156)', TRUE),
(201, 1, 128, '2016-06-06 13:10:37', 'POINT(-80.2118 25.8319)', TRUE),
(202, 1, 128, '2016-06-06 13:15:33', 'POINT(-80.2121 25.832)', TRUE),
(203, 1, 129, '2016-06-06 13:19:10', 'POINT(-80.3254 25.9072)', TRUE),
(204, 1, 130, '2016-06-06 13:23:35', 'POINT(-80.2983 25.9389)', TRUE),
(205, 1, 130, '2016-06-06 13:25:16', 'POINT(-80.2983 25.939)', TRUE),
(206, 1, 131, '2016-06-06 14:23:11', 'POINT(-80.3723 25.6947)', TRUE),
(207, 1, 131, '2016-06-06 14:52:05', 'POINT(-80.3712 25.6945)', TRUE),
(208, 1, 131, '2016-06-06 14:53:23', 'POINT(-80.3715 25.6942)', TRUE),
(209, 1, 132, '2016-06-06 16:35:52', 'POINT(8.25892 46.0683)', TRUE),
(210, 1, 133, '2016-06-06 17:09:06', 'POINT(-74.0094 40.7488)', TRUE),
(211, 1, 133, '2016-06-06 17:09:45', 'POINT(-74.0095 40.7486)', TRUE),
(212, 1, 133, '2016-06-06 17:10:40', 'POINT(-74.0096 40.7487)', TRUE),
(213, 1, 133, '2016-06-06 17:11:31', 'POINT(-74.0094 40.7486)', TRUE),
(214, 1, 133, '2016-06-06 17:12:21', 'POINT(-74.0094 40.7487)', TRUE),
(215, 1, 134, '2016-06-09 23:40:38', 'POINT(7.27578 47.1247)', TRUE),
(216, 1, 134, '2016-06-09 23:42:07', 'POINT(7.27586 47.1247)', TRUE),
(217, 1, 135, '2016-06-09 23:44:47', 'POINT(8.56428 45.9292)', TRUE),
(218, 1, 136, '2016-06-09 23:45:42', 'POINT(7.27213 47.1437)', TRUE),
(219, 1, 137, '2016-06-15 21:30:35', 'POINT(8.95348 46.008)', TRUE),
(220, 1, 138, '2016-06-15 21:32:22', 'POINT(7.28233 47.1461)', TRUE),
(221, 1, 139, '2016-06-15 21:36:47', 'POINT(8.57233 45.9393)', TRUE),
(222, 1, 140, '2016-06-15 21:38:19', 'POINT(8.57469 45.9384)', TRUE),
(223, 1, 141, '2016-06-16 07:54:10', 'POINT(8.29685 46.1344)', TRUE),
(224, 1, 142, '2016-06-16 20:34:46', 'POINT(8.92776 45.9735)', TRUE),
(225, 1, 143, '2016-06-21 17:08:01', 'POINT(10.3431 43.7648)', TRUE),
(226, 1, 144, '2016-06-21 22:35:03', 'POINT(8.571 45.9412)', TRUE),
(227, 1, 145, '2016-06-21 22:38:13', 'POINT(7.24213 47.1313)', TRUE),
(228, 1, 146, '2016-06-21 22:44:31', 'POINT(7.32333 47.1006)', TRUE),
(229, 1, 147, '2016-06-21 22:46:32', 'POINT(7.17358 47.1919)', TRUE),
(230, 1, 148, '2016-06-21 22:48:35', 'POINT(8.5506 45.7482)', TRUE),
(231, 1, 149, '2016-06-22 08:43:30', 'POINT(9.47865 51.3227)', TRUE),
(232, 2, 150, '2016-06-22 12:50:22', 'POINT(13.003 43.8511)', TRUE),
(233, 1, 151, '2016-06-23 16:06:29', 'POINT(14.4164 50.0943)', TRUE),
(234, 1, 151, '2016-06-23 16:08:01', 'POINT(14.4162 50.0945)', TRUE),
(235, 1, 152, '2016-06-23 16:12:11', 'POINT(14.416 50.0946)', TRUE),
(236, 1, 152, '2016-06-23 16:17:30', 'POINT(14.4152 50.0949)', TRUE),
(237, 1, 153, '2016-07-16 13:10:57', 'POINT(8.67731 50.1148)', TRUE),
(238, 1, 154, '2016-07-16 13:57:48', 'POINT(8.67731 50.1148)', TRUE),
(239, 1, 154, '2016-07-16 13:58:16', 'POINT(8.67178 50.117)', TRUE),
(240, 1, 155, '2016-07-16 14:16:52', 'POINT(8.65329 50.119)', TRUE),
(241, 1, 155, '2016-07-16 14:18:06', 'POINT(8.65324 50.1191)', TRUE),
(242, 1, 155, '2016-07-16 14:29:49', 'POINT(8.65309 50.1208)', TRUE),
(243, 1, 155, '2016-07-16 14:30:52', 'POINT(8.6529 50.1201)', TRUE),
(244, 1, 156, '2016-07-16 15:27:14', 'POINT(8.6557 50.1114)', TRUE),
(245, 1, 157, '2016-07-16 16:15:12', 'POINT(8.63986 50.0958)', TRUE),
(246, 1, 157, '2016-07-16 16:15:59', 'POINT(8.63949 50.0958)', TRUE),
(247, 1, 157, '2016-07-16 16:16:50', 'POINT(8.63949 50.0958)', TRUE),
(248, 1, 158, '2016-07-16 19:56:01', 'POINT(8.70832 50.1087)', TRUE),
(249, 1, 158, '2016-07-16 19:57:04', 'POINT(8.70832 50.1087)', TRUE),
(250, 1, 158, '2016-07-16 19:57:44', 'POINT(8.70832 50.1087)', TRUE),
(251, 1, 159, '2016-07-17 15:17:11', 'POINT(9.47904 51.3228)', TRUE),
(252, 1, 159, '2016-07-17 15:17:39', 'POINT(9.47904 51.3228)', TRUE),
(253, 1, 159, '2016-07-17 15:18:17', 'POINT(9.47904 51.3228)', TRUE),
(254, 1, 149, '2016-07-17 15:21:27', 'POINT(9.47904 51.3228)', TRUE),
(255, 1, 160, '2016-07-18 09:36:30', 'POINT(9.94755 48.4038)', TRUE),
(256, 1, 160, '2016-07-18 09:37:56', 'POINT(9.94755 48.4038)', TRUE),
(257, 1, 160, '2016-07-18 10:21:55', 'POINT(9.94755 48.4038)', TRUE),
(258, 1, 160, '2016-07-18 10:22:24', 'POINT(9.94755 48.4038)', TRUE),
(259, 1, 161, '2016-07-26 09:37:03', 'POINT(11.8688 47.1635)', TRUE),
(260, 1, 162, '2016-07-26 09:44:35', 'POINT(6.1264 45.0102)', TRUE),
(261, 2, 163, '2016-08-03 09:21:27', 'POINT(-122.951 50.1174)', TRUE),
(262, 2, 163, '2016-08-03 09:22:50', 'POINT(-122.951 50.1174)', TRUE),
(263, 1, 164, '2016-08-03 18:26:20', 'POINT(9.30254 47.1241)', TRUE),
(264, 1, 164, '2016-08-03 18:26:44', 'POINT(9.30334 47.1243)', TRUE),
(265, 1, 165, '2016-08-16 19:26:56', 'POINT(9.50103 47.0664)', TRUE),
(266, 1, 165, '2016-08-16 19:27:30', 'POINT(9.50103 47.0664)', TRUE),
(267, 1, 166, '2016-08-16 20:29:34', 'POINT(9.52434 47.1265)', TRUE),
(268, 2, 167, '2016-08-23 07:34:28', 'POINT(-115.153 36.2398)', TRUE),
(269, 2, 167, '2016-08-23 07:42:17', 'POINT(-115.154 36.2399)', TRUE),
(270, 1, 169, '2016-08-27 10:55:35', 'POINT(9.39669 46.808)', TRUE),
(271, 2, 169, '2016-08-27 10:57:46', 'POINT(9.1494 45.7258)', TRUE),
(272, 2, 169, '2016-08-27 10:58:38', 'POINT(9.14935 45.7257)', TRUE),
(273, 2, 170, '2016-08-27 11:11:59', 'POINT(9.12666 45.737)', TRUE),
(274, 2, 170, '2016-08-27 11:12:28', 'POINT(9.12677 45.7371)', TRUE),
(275, 1, 170, '2016-08-27 11:13:12', 'POINT(9.12681 45.7371)', TRUE),
(276, 1, 171, '2016-08-30 20:17:48', 'POINT(9.53514 46.8465)', TRUE),
(277, 1, 171, '2016-08-30 20:18:16', 'POINT(9.53486 46.8466)', TRUE),
(278, 1, 171, '2016-08-30 20:18:41', 'POINT(9.53511 46.8465)', TRUE),
(279, 1, 87, '2016-09-03 17:01:21', 'POINT(8.2461 46.8839)', TRUE),
(280, 1, 172, '2016-09-14 08:12:37', 'POINT(13.4954 43.476)', TRUE),
(281, 1, 172, '2016-09-14 08:17:56', 'POINT(13.4955 43.476)', TRUE),
(282, 1, 173, '2016-09-22 19:06:33', 'POINT(9.50035 47.0663)', TRUE),
(283, 1, 173, '2016-09-22 19:07:14', 'POINT(9.50033 47.0663)', TRUE),
(284, 1, 174, '2016-09-30 13:24:42', 'POINT(9.21089 45.6605)', TRUE),
(285, 2, 175, '2016-10-01 22:21:54', 'POINT(6.13308 49.6066)', TRUE),
(286, 2, 175, '2016-10-01 22:22:50', 'POINT(6.13323 49.6066)', TRUE),
(287, 1, 176, '2016-10-25 17:23:58', 'POINT(7.1541 46.8022)', TRUE),
(288, 1, 177, '2016-10-26 08:41:51', 'POINT(7.15444 46.8053)', TRUE),
(289, 1, 178, '2016-10-26 09:00:45', 'POINT(7.15727 46.8081)', TRUE),
(290, 1, 179, '2016-10-26 10:57:29', 'POINT(7.15324 46.8035)', TRUE),
(291, 1, 179, '2016-10-26 10:57:55', 'POINT(7.15307 46.8034)', TRUE),
(292, 1, 179, '2016-10-26 10:58:14', 'POINT(7.1534 46.8033)', TRUE),
(293, 1, 180, '2016-10-27 15:29:00', 'POINT(7.11891 46.1386)', TRUE),
(294, 1, 180, '2016-10-27 15:29:26', 'POINT(7.11891 46.1386)', TRUE),
(295, 1, 181, '2016-10-30 11:46:15', 'POINT(8.00528 46.3259)', TRUE),
(296, 1, 181, '2016-10-30 11:47:04', 'POINT(8.00526 46.3258)', TRUE),
(297, 1, 182, '2016-11-05 15:32:10', 'POINT(7.44145 46.9524)', TRUE),
(298, 1, 182, '2016-11-05 15:32:45', 'POINT(7.44765 46.9516)', TRUE),
(299, 1, 74, '2016-11-16 14:25:19', 'POINT(8.93028 46.3673)', TRUE),
(305, 8, 183, '2016-11-30 09:12:11', 'POINT(-8.23852 37.0996)', TRUE),
(306, 1, 184, '2016-12-27 18:00:38', 'POINT(8.71878 47.4949)', TRUE),
(307, 1, 184, '2016-12-27 18:01:16', 'POINT(8.71884 47.4951)', TRUE),
(308, 1, 184, '2016-12-27 18:01:52', 'POINT(8.71871 47.4951)', TRUE),
(309, 1, 184, '2016-12-27 18:02:19', 'POINT(8.71907 47.4955)', TRUE),
(310, 1, 185, '2016-12-27 18:04:22', 'POINT(8.71907 47.4955)', TRUE),
(311, 1, 185, '2016-12-27 18:05:16', 'POINT(8.719 47.4953)', TRUE),
(312, 1, 186, '2017-01-03 13:34:50', 'POINT(-9.1373 38.7082)', TRUE),
(313, 1, 186, '2017-01-03 13:35:22', 'POINT(-9.13737 38.7082)', TRUE),
(314, 1, 187, '2017-03-01 15:13:05', 'POINT(8.77248 46.1619)', TRUE),
(315, 1, 187, '2017-03-01 15:14:04', 'POINT(8.77237 46.1619)', TRUE),
(316, 1, 188, '2017-12-30 12:17:18', 'POINT(9.07636 47.0313)', TRUE),
(317, 1, 189, '2017-12-30 12:32:22', 'POINT(8.3009 47.4803)', TRUE),
(318, 1, 189, '2017-12-30 12:33:37', 'POINT(8.30132 47.4801)', TRUE),
(319, 1, 189, '2017-12-30 15:08:20', 'POINT(8.30132 47.4801)', TRUE),
(320, 2, 190, '2017-12-30 19:20:16', 'POINT(3.46002 39.7109)', TRUE),
(321, 2, 191, '2017-12-30 19:45:43', 'POINT(2.85169 39.4844)', TRUE),
(322, 2, 192, '2017-12-30 19:52:39', 'POINT(2.76021 39.4953)', TRUE),
(323, 2, 193, '2017-12-30 19:54:32', 'POINT(3.26131 39.4208)', TRUE),
(324, 2, 194, '2017-12-30 19:57:44', 'POINT(3.20413 39.5716)', TRUE),
(325, 2, 195, '2017-12-30 20:03:31', 'POINT(3.21173 39.5667)', TRUE),
(326, 2, 196, '2017-12-30 20:07:13', 'POINT(2.75381 39.5069)', TRUE),
(327, 2, 197, '2017-12-30 20:13:07', 'POINT(2.74916 39.6205)', TRUE),
(328, 2, 198, '2017-12-30 20:22:26', 'POINT(2.64008 39.5703)', TRUE),
(329, 2, 199, '2017-12-30 20:25:08', 'POINT(2.91382 39.7217)', TRUE),
(330, 2, 200, '2017-12-30 20:39:03', 'POINT(2.63937 39.5853)', TRUE),
(331, 2, 201, '2017-12-30 20:43:49', 'POINT(3.13783 39.4669)', TRUE),
(332, 2, 202, '2018-01-03 12:43:40', 'POINT(-0.486473 38.3537)', TRUE),
(333, 2, 203, '2018-01-04 08:59:44', 'POINT(2.90311 39.7242)', TRUE),
(334, 2, 204, '2018-01-04 11:58:56', 'POINT(-0.490718 38.3411)', TRUE),
(335, 2, 204, '2018-01-04 11:59:59', 'POINT(-0.49074 38.3411)', TRUE),
(336, 2, 205, '2018-01-04 16:31:34', 'POINT(-0.572653 38.2009)', TRUE),
(337, 1, 111, '2018-01-04 21:23:04', 'POINT(11.3691 44.5304)', TRUE),
(338, 1, 206, '2018-01-04 21:25:38', 'POINT(6.53638 43.2469)', TRUE),
(339, 2, 207, '2018-01-04 21:28:12', 'POINT(6.1445 43.1168)', TRUE),
(340, 1, 207, '2018-01-04 21:28:51', 'POINT(6.14435 43.1168)', TRUE),
(341, 2, 208, '2018-01-04 21:42:50', 'POINT(6.44808 43.5391)', TRUE),
(342, 1, 208, '2018-01-04 21:43:31', 'POINT(6.44799 43.5392)', TRUE),
(343, 2, 189, '2018-01-06 06:56:42', 'POINT(8.30101 47.4807)', TRUE),
(344, 1, 209, '2018-01-06 15:40:08', 'POINT(2.62634 39.5658)', TRUE),
(345, 1, 200, '2018-01-06 17:22:57', 'POINT(2.63954 39.5853)', TRUE),
(346, 1, 200, '2018-01-06 17:24:15', 'POINT(2.63951 39.5852)', TRUE),
(347, 1, 198, '2018-01-12 19:40:09', 'POINT(2.6404 39.5709)', TRUE),
(348, 1, 210, '2018-01-12 19:43:25', 'POINT(2.62791 39.5889)', TRUE),
(349, 1, 210, '2018-01-12 19:44:02', 'POINT(2.62779 39.5888)', TRUE),
(350, 1, 211, '2018-01-12 19:44:47', 'POINT(2.62874 39.5882)', TRUE),
(351, 1, 211, '2018-01-12 19:45:14', 'POINT(2.62881 39.5881)', TRUE),
(352, 1, 212, '2018-01-12 19:46:32', 'POINT(2.48052 39.514)', TRUE),
(353, 1, 213, '2018-01-12 19:47:33', 'POINT(2.48452 39.5187)', TRUE),
(354, 1, 214, '2018-01-12 19:48:19', 'POINT(2.49634 39.5218)', TRUE),
(355, 1, 215, '2018-01-12 19:49:38', 'POINT(2.38668 39.5445)', TRUE),
(356, 1, 213, '2018-01-12 19:50:39', 'POINT(2.4892 39.5214)', TRUE),
(357, 1, 213, '2018-01-12 19:51:20', 'POINT(2.48688 39.52)', TRUE),
(358, 1, 216, '2018-01-12 19:52:25', 'POINT(2.46666 39.5129)', TRUE),
(359, 1, 216, '2018-01-12 19:52:59', 'POINT(2.46666 39.5129)', TRUE),
(360, 1, 217, '2018-01-12 19:56:34', 'POINT(2.54339 39.5273)', TRUE),
(361, 1, 217, '2018-01-12 19:57:08', 'POINT(2.54336 39.5273)', TRUE),
(362, 1, 218, '2018-01-12 19:59:48', 'POINT(3.1043 39.8157)', TRUE),
(363, 1, 218, '2018-01-12 20:00:58', 'POINT(3.10432 39.8155)', TRUE),
(364, 1, 218, '2018-01-12 20:01:24', 'POINT(3.10491 39.8148)', TRUE),
(365, 1, 218, '2018-01-12 20:01:54', 'POINT(3.10437 39.8153)', TRUE),
(366, 1, 219, '2018-01-12 20:03:26', 'POINT(3.12954 39.8494)', TRUE),
(367, 1, 219, '2018-01-12 20:03:56', 'POINT(3.12964 39.8494)', TRUE),
(368, 1, 219, '2018-01-12 20:04:27', 'POINT(3.12974 39.8494)', TRUE),
(369, 1, 197, '2018-01-12 20:05:27', 'POINT(2.74929 39.6205)', TRUE),
(370, 1, 197, '2018-01-12 20:05:58', 'POINT(2.74934 39.6204)', TRUE),
(371, 1, 196, '2018-01-12 20:06:43', 'POINT(2.75423 39.5066)', TRUE),
(372, 1, 196, '2018-01-12 20:07:20', 'POINT(2.75421 39.5067)', TRUE),
(373, 1, 220, '2018-01-12 20:08:55', 'POINT(2.72946 39.53)', TRUE),
(374, 1, 220, '2018-01-12 20:09:28', 'POINT(2.72954 39.53)', TRUE),
(375, 1, 221, '2018-01-12 20:17:26', 'POINT(2.91483 39.7211)', TRUE),
(376, 1, 221, '2018-01-12 20:18:01', 'POINT(2.91442 39.7212)', TRUE),
(377, 1, 199, '2018-01-12 20:18:30', 'POINT(2.91381 39.7214)', TRUE),
(378, 1, 199, '2018-01-12 20:20:00', 'POINT(2.91388 39.7216)', TRUE),
(379, 1, 199, '2018-01-12 20:20:34', 'POINT(2.91351 39.7217)', TRUE),
(380, 1, 199, '2018-01-12 20:22:07', 'POINT(2.91348 39.7217)', TRUE),
(381, 1, 203, '2018-01-12 20:22:48', 'POINT(2.90306 39.7241)', TRUE),
(382, 1, 222, '2018-01-12 20:24:57', 'POINT(3.01747 39.7726)', TRUE),
(383, 1, 222, '2018-01-12 20:25:23', 'POINT(3.01745 39.7726)', TRUE),
(384, 1, 222, '2018-01-12 20:26:01', 'POINT(3.0175 39.7726)', TRUE),
(385, 1, 192, '2018-01-16 08:58:19', 'POINT(2.75878 39.4962)', TRUE),
(386, 2, 223, '2018-02-08 13:44:34', 'POINT(9.35345 45.6474)', TRUE),
(387, 1, 224, '2019-04-18 18:37:50', 'POINT(10.8446 45.899)', TRUE),
(388, 2, 225, '2019-04-18 18:42:25', 'POINT(9.89148 45.5924)', TRUE),
(389, 2, 226, '2019-04-18 18:45:41', 'POINT(9.63399 45.6908)', TRUE),
(390, 2, 227, '2019-04-18 18:55:19', 'POINT(10.5519 45.4587)', TRUE),
(391, 2, 228, '2019-04-18 19:00:28', 'POINT(11.1153 46.0522)', TRUE),
(392, 2, 228, '2019-04-18 19:01:19', 'POINT(11.1152 46.0522)', TRUE),
(393, 2, 228, '2019-04-18 19:02:56', 'POINT(11.1153 46.0522)', TRUE),
(394, 2, 228, '2019-04-19 08:32:29', 'POINT(11.1154 46.0521)', TRUE),
(395, 1, 228, '2019-04-19 08:33:23', 'POINT(11.1153 46.0522)', TRUE),
(396, 1, 229, '2019-04-20 13:09:17', 'POINT(10.9943 46.0725)', TRUE),
(397, 1, 229, '2019-04-20 13:09:55', 'POINT(10.996 46.0754)', TRUE),
(398, 1, 224, '2019-04-20 15:18:58', 'POINT(10.8449 45.8991)', TRUE),
(399, 1, 224, '2019-04-20 15:19:47', 'POINT(10.8445 45.899)', TRUE),
(400, 1, 230, '2019-05-30 12:27:51', 'POINT(2.43684 41.5493)', TRUE),
(401, 1, 230, '2019-05-30 12:53:41', 'POINT(2.43708 41.5496)', TRUE),
(402, 1, 231, '2019-05-31 10:57:07', 'POINT(-0.358025 39.4601)', TRUE),
(403, 1, 231, '2019-05-31 10:58:34', 'POINT(-0.358208 39.4603)', TRUE),
(404, 1, 231, '2019-05-31 10:59:00', 'POINT(-0.358209 39.4604)', TRUE),
(405, 1, 232, '2019-06-02 14:27:58', 'POINT(-5.14826 36.7508)', TRUE),
(406, 1, 205, '2019-06-08 16:15:26', 'POINT(-0.572345 38.2014)', TRUE),
(407, 1, 233, '2019-06-12 10:47:10', 'POINT(3.01866 42.9122)', TRUE),
(408, 1, 233, '2019-06-12 10:47:42', 'POINT(3.01865 42.9122)', TRUE);

-- --------------------------------------------------------

--
-- Table structure for table "spots_picture_user"
--

CREATE TABLE spots_picture_user (
  spots_picture_id integer NOT NULL,
  user_id integer NOT NULL
);

--
-- Dumping data for table "spots_picture_user"
--

INSERT INTO spots_picture_user (spots_picture_id, user_id) VALUES
(267, 2),
(269, 1),
(270, 2),
(275, 1),
(275, 2),
(278, 1),
(278, 2),
(280, 1),
(281, 1),
(283, 2),
(284, 1),
(285, 2),
(286, 1),
(286, 2),
(297, 1),
(305, 2),
(305, 9);

-- --------------------------------------------------------

--
-- Table structure for table "spots_spot"
--

CREATE TABLE spots_spot (
  id serial NOT NULL,
  user_id integer NOT NULL,
  created timestamp NOT NULL,
  modified timestamp NOT NULL,
  name varchar(255) NOT NULL,
  description text NOT NULL,
  score integer NOT NULL,
  picture1_id integer DEFAULT NULL,
  picture2_id integer DEFAULT NULL,
  position geometry NOT NULL,
  secretSpot boolean NOT NULL
);

--
-- Dumping data for table "spots_spot"
--

INSERT INTO spots_spot (id, user_id, created, modified, name, description, score, picture1_id, picture2_id, position, secretSpot) VALUES
(1, 1, '2014-10-29 20:59:38', '2014-10-29 20:59:38', 'Red coping ramp', 'Domi''s mini', 1, 1, 21, 'POINT(8.6242026666667 46.528742)', TRUE),
(2, 1, '2014-11-03 20:00:42', '2014-11-03 20:00:42', 'Skatepark Leventina', 'Park', 0, 84, 83, 'POINT(8.73894 46.4914)', FALSE),
(3, 1, '2014-11-19 20:39:21', '2014-11-19 20:39:21', 'Skatepark Vigevano', 'Park', 0, 26, 3, 'POINT(8.86023 45.3066)', FALSE),
(4, 1, '2014-11-19 21:05:12', '2014-11-19 21:05:12', 'Hotel Des Alpes', '6 Stairs', 0, 4, 4, 'POINT(8.60788 46.52795)', FALSE),
(5, 1, '2014-11-19 21:33:33', '2014-11-19 21:33:33', 'Loud Minority Skatepark', 'Indoor wood park', 0, 5, 5, 'POINT(7.24083 47.1318)', FALSE),
(6, 1, '2014-12-30 15:59:35', '2014-12-30 15:59:35', 'Skatepark Baden', 'Beton skatepark', 0, 6, 6, 'POINT(8.28781 47.4586)', FALSE),
(7, 1, '2014-12-30 16:29:18', '2014-12-30 16:29:18', 'Skatepark Lugano', 'Street area and Bowl', 0, 74, 73, 'POINT(8.9596166666667 46.0231)', FALSE),
(8, 1, '2015-01-12 22:29:14', '2015-01-12 22:29:14', 'Snakerun', '', 0, 29, 8, 'POINT(9.522235 46.85555)', FALSE),
(9, 1, '2015-01-13 22:13:55', '2015-01-13 22:13:55', 'Skatehalle Karlsruhe', 'Price 5â‚¬', 0, 9, 9, 'POINT(8.35412 49.0198)', FALSE),
(10, 1, '2015-01-20 19:11:22', '2015-01-20 19:11:22', 'Freestyle Academy Laax', '', 0, 10, 10, 'POINT(9.26478 46.8181)', FALSE),
(11, 1, '2015-01-21 23:03:33', '2015-01-21 23:03:33', 'Gare des marchandises', '', 0, 11, 11, 'POINT(7.25799 47.1395)', FALSE),
(12, 1, '2015-01-31 17:06:30', '2015-01-31 17:06:30', 'Skatehalle Wiesbaden', '', 0, 12, 12, 'POINT(8.2482 50.0661)', FALSE),
(13, 1, '2015-03-08 11:47:39', '2015-03-08 11:47:39', 'Gap parcheggio Tatti', '', 0, 13, 13, 'POINT(9.01513 46.19)', FALSE),
(14, 1, '2015-03-11 22:59:00', '2015-03-11 22:59:00', 'Miniramp', '', 0, 14, 14, 'POINT(4.88384 52.3582)', FALSE),
(15, 1, '2015-03-16 23:07:30', '2015-03-16 23:07:30', 'Portland', '', 0, 35, 15, 'POINT(7.58701 47.58045)', FALSE),
(16, 1, '2015-03-17 21:12:14', '2015-03-17 21:12:14', 'Slappy paradise', '', 0, 16, 16, 'POINT(8.30826 47.4777)', FALSE),
(17, 1, '2015-03-17 21:57:23', '2015-03-17 21:57:23', 'Rail bastardo', '', 0, 17, 17, 'POINT(-123.135 49.3268)', FALSE),
(18, 1, '2015-03-17 22:19:24', '2015-03-17 22:19:24', 'Skatepark Hitzkirch', '', 0, 18, 18, 'POINT(8.2582 47.2272)', FALSE),
(19, 1, '2015-03-18 18:37:18', '2015-03-18 18:37:18', 'Skatepark Bad Ragaz', '', 0, 19, 19, 'POINT(9.494317 47.014754)', FALSE),
(20, 1, '2015-03-19 17:46:27', '2015-03-19 17:46:27', 'Gleis D', '', 0, 20, 20, 'POINT(9.52924 46.8546)', FALSE),
(21, 1, '2015-04-07 19:32:36', '2015-04-07 19:32:36', 'Theater Platz', '', 0, 116, 78, 'POINT(9.534016 46.85176)', FALSE),
(22, 1, '2015-04-08 19:09:03', '2015-04-08 19:09:03', 'Skatepark Wangs', '', 0, 24, 24, 'POINT(9.43255 47.0375)', FALSE),
(23, 1, '2015-04-10 16:04:37', '2015-04-10 16:04:37', 'Rail', '', 0, 25, 25, 'POINT(9.26374 46.8196)', FALSE),
(24, 1, '2015-04-15 19:31:39', '2015-04-15 19:31:39', 'Wallride Brücke', '', 0, 28, 27, 'POINT(9.52507 46.8507)', FALSE),
(25, 1, '2015-04-15 19:58:23', '2015-04-15 19:58:23', 'Gewerbliche Berufsschule', '', 0, 31, 30, 'POINT(9.5248 46.8558)', FALSE),
(26, 1, '2015-04-15 20:07:08', '2015-04-15 20:07:08', 'Spielplatz Bumbs', '', 0, 32, 32, 'POINT(9.53478 46.8528)', FALSE),
(27, 1, '2015-04-15 20:11:15', '2015-04-15 20:11:15', 'Rail up', '', 0, 33, 33, 'POINT(9.53047 46.8495)', FALSE),
(28, 1, '2015-05-05 21:36:04', '2015-05-05 21:36:04', 'Pumpwerk', '', 0, 37, 36, 'POINT(7.6152 47.5742)', FALSE),
(29, 1, '2015-05-26 22:50:08', '2015-05-26 22:50:08', 'Trafo', '', 0, 38, 38, 'POINT(8.305869 47.478385)', FALSE),
(30, 1, '2015-05-27 17:34:44', '2015-05-27 17:34:44', 'Mini handrail', '', 0, 39, 39, 'POINT(9.55347 46.966)', FALSE),
(31, 1, '2015-05-28 09:49:04', '2015-05-28 09:49:04', 'Bahnhoff St. Johann', '', 0, 40, 40, 'POINT(7.57301 47.5704)', FALSE),
(32, 1, '2015-06-01 19:34:25', '2015-06-01 19:34:25', 'Ledge', '', 0, 41, 41, 'POINT(9.52702 46.8535)', FALSE),
(33, 1, '2015-06-05 11:55:33', '2015-06-05 11:55:33', 'Piazza del Sole', '', 0, 148, 147, 'POINT(9.0238225 46.193275)', FALSE),
(34, 1, '2015-06-05 12:01:49', '2015-06-05 12:01:49', '7 Scalini Cervia', '', 0, 127, 43, 'POINT(9.023215 46.19055)', FALSE),
(35, 1, '2015-06-05 18:05:17', '2015-06-05 18:05:17', 'Bank', '', 0, 44, 44, 'POINT(9.04254 46.2212)', FALSE),
(36, 1, '2015-06-09 19:01:47', '2015-06-09 19:01:47', 'Sportzentrum Prau la Selva', '', 0, 46, 45, 'POINT(9.276505 46.8235)', FALSE),
(37, 1, '2015-06-17 15:35:52', '2015-06-17 15:35:52', 'Viamala big drop', '', 0, 47, 47, 'POINT(9.44884 46.653)', FALSE),
(38, 1, '2015-06-19 17:59:13', '2015-06-19 17:59:13', 'Skatepark Ginsheim', '', 0, 51, 50, 'POINT(8.32729 49.9759)', FALSE),
(39, 1, '2015-06-20 14:21:33', '2015-06-20 14:21:33', 'Universität', '', 0, 53, 52, 'POINT(8.65697 49.87445)', FALSE),
(40, 1, '2015-06-20 16:10:36', '2015-06-20 16:10:36', 'Quarter', '', 0, 54, 54, 'POINT(8.65194 49.8694)', FALSE),
(41, 1, '2015-06-20 17:10:56', '2015-06-20 17:10:56', 'Handrail', '', 0, 55, 55, 'POINT(8.650277 49.868422)', FALSE),
(42, 1, '2015-06-20 20:07:32', '2015-06-20 20:07:32', 'Skatepark Bingen', '', 0, 58, 57, 'POINT(7.8847466666667 49.968666666667)', FALSE),
(43, 1, '2015-06-21 16:16:50', '2015-06-21 16:16:50', 'Skatepark Landau', '', 0, 61, 60, 'POINT(8.12915 49.1867)', FALSE),
(44, 1, '2015-06-30 18:35:51', '2015-06-30 18:35:51', 'Skatepark Feldkirch', '', 0, 65, 64, 'POINT(9.58618 47.253925)', FALSE),
(45, 1, '2015-07-13 19:25:58', '2015-07-13 19:25:58', 'Quader Schule', '', 0, 67, 66, 'POINT(9.53648 46.8533)', FALSE),
(46, 1, '2015-07-20 18:09:13', '2015-07-20 18:09:13', 'Handrail Coop Verteilzentrale', '', 0, 68, 68, 'POINT(9.51297 46.8544)', FALSE),
(47, 1, '2015-07-28 17:56:59', '2015-07-28 17:56:59', 'Curb Bonaduz Bahnhof', '', 0, 69, 69, 'POINT(9.39781 46.8102)', FALSE),
(48, 1, '2015-08-27 19:09:23', '2015-08-27 19:09:23', 'Handrail', '', 0, 70, 70, 'POINT(9.4396 47.0399)', FALSE),
(49, 1, '2015-08-27 20:01:40', '2015-08-27 20:01:40', 'Lidl', '', 0, 71, 71, 'POINT(9.43929 47.0392)', FALSE),
(50, 1, '2015-08-31 20:13:22', '2015-08-31 20:13:22', 'Rail', '', 0, 72, 72, 'POINT(9.52862 46.8542)', FALSE),
(51, 1, '2015-09-16 14:35:54', '2015-09-16 14:35:54', 'Handrail Manor S. Antonino', '', 0, 76, 75, 'POINT(8.96745 46.1559)', FALSE),
(52, 1, '2015-09-24 18:15:23', '2015-09-24 18:15:23', 'Mini jump', '', 0, 79, 79, 'POINT(9.52864 46.8474)', FALSE),
(53, 1, '2015-09-28 18:47:09', '2015-09-28 18:47:09', 'Skatepark Ems', '', 0, 107, 81, 'POINT(9.4608233333333 46.837833333333)', FALSE),
(54, 1, '2015-09-30 09:37:01', '2015-09-30 09:37:01', 'Handrail', '', 0, 82, 82, 'POINT(8.69583 46.5092)', FALSE),
(55, 1, '2015-10-21 17:26:15', '2015-10-21 17:26:15', 'Don''t skate curbs', '', 0, 86, 85, 'POINT(9.529115 46.851)', FALSE),
(56, 1, '2015-11-22 14:31:31', '2015-11-22 14:31:31', 'Bank con rail', '', 0, 88, 87, 'POINT(8.9686 46.351)', FALSE),
(57, 1, '2015-11-22 14:35:59', '2015-11-22 14:35:59', 'Spai', '', 0, 90, 89, 'POINT(8.97063 46.3498)', FALSE),
(58, 1, '2015-11-22 14:48:28', '2015-11-22 14:48:28', 'Curb posta', '', 0, 91, 91, 'POINT(8.96919 46.36)', FALSE),
(59, 1, '2015-11-22 14:59:47', '2015-11-22 14:59:47', 'Double bank', '', 0, 92, 92, 'POINT(8.96932 46.358)', FALSE),
(60, 1, '2015-11-22 15:29:51', '2015-11-22 15:29:51', 'Infocentro Alptransit', '', 0, 93, 93, 'POINT(8.93365 46.368)', FALSE),
(61, 1, '2015-11-25 08:18:28', '2015-11-25 08:18:28', 'Manaul pad', '', 0, 94, 94, 'POINT(8.9693 46.3607)', FALSE),
(62, 1, '2015-11-28 17:45:44', '2015-11-28 17:45:44', 'Scuole medie', '', 0, 99, 98, 'POINT(8.864578 46.1725)', FALSE),
(63, 1, '2015-12-12 14:05:52', '2015-12-12 14:05:52', 'Centro Sportivo Tenero', '', 0, 100, 100, 'POINT(8.84947 46.1718)', FALSE),
(64, 1, '2015-12-17 22:29:44', '2015-12-17 22:29:44', '10 scalini', '', 0, 101, 101, 'POINT(8.80034 46.1694)', FALSE),
(65, 1, '2015-12-17 23:03:48', '2015-12-17 23:03:48', 'Screamcat', '', 0, 102, 102, 'POINT(9.43049 47.0303)', TRUE),
(66, 1, '2015-12-23 14:20:26', '2015-12-23 14:20:26', 'Handrail', '', 0, 103, 103, 'POINT(9.02603 46.1951)', FALSE),
(67, 1, '2015-12-23 21:28:24', '2015-12-23 21:28:24', 'Ledge', '', 0, 104, 104, 'POINT(8.64933 49.868)', FALSE),
(68, 1, '2016-03-09 10:10:51', '2016-03-09 10:10:51', 'Skatepark Vaduz', '', 0, 129, 105, 'POINT(9.5053335 47.1511595)', FALSE),
(69, 1, '2016-04-11 22:13:11', '2016-04-11 22:13:11', 'Megaledge', '', 0, 108, 108, 'POINT(-80.1854 25.7727)', FALSE),
(70, 1, '2016-04-11 22:16:47', '2016-04-11 22:16:47', 'Triangle', '', 0, 110, 109, 'POINT(-80.1867 25.773)', FALSE),
(71, 1, '2016-04-11 22:21:38', '2016-04-11 22:21:38', 'Triangle ledges', '', 0, 111, 111, 'POINT(-80.1865 25.7729)', FALSE),
(72, 1, '2016-04-11 22:25:37', '2016-04-11 22:25:37', 'Stair and ledge', '', 0, 114, 113, 'POINT(-80.187 25.7726)', FALSE),
(73, 1, '2016-04-14 19:09:02', '2016-04-14 19:09:02', 'Kiss miniramp', '', 0, 117, 117, 'POINT(9.53486 46.87)', TRUE),
(74, 1, '2016-04-17 18:48:17', '2016-04-17 18:48:17', 'Alptransit China Banks', '', 5, 299, 120, 'POINT(8.93057 46.3668)', FALSE),
(75, 1, '2016-04-17 19:25:30', '2016-04-17 19:25:30', 'Mini quarter', '', 0, 121, 121, 'POINT(8.53426 47.3699)', FALSE),
(76, 1, '2016-04-18 08:48:45', '2016-04-18 08:48:45', 'Loz Side', '', 0, 123, 122, 'POINT(6.55116 46.5357)', TRUE),
(77, 1, '2016-04-18 22:38:13', '2016-04-18 22:38:13', 'Skatepark Heidelberg', '', 0, 124, 124, 'POINT(8.67688 49.4116)', FALSE),
(78, 1, '2016-04-20 11:35:12', '2016-04-20 11:35:12', 'Rampa con scalini', '', 0, 126, 125, 'POINT(9.022225 46.18965)', FALSE),
(79, 1, '2016-04-20 21:16:21', '2016-04-20 21:16:21', 'Milano Centrale', '', 0, 128, 128, 'POINT(9.20212 45.485)', FALSE),
(80, 1, '2016-04-21 22:51:43', '2016-04-21 22:51:43', 'Bennet manual pad', '', 0, 130, 130, 'POINT(8.56576 45.9321)', FALSE),
(81, 1, '2016-04-21 22:59:54', '2016-04-21 22:59:54', 'Beata ledge pop out', '', 0, 131, 131, 'POINT(8.5307 45.9339)', FALSE),
(82, 1, '2016-04-21 23:09:02', '2016-04-21 23:09:02', 'Skatepark Sesto Calende', '', 0, 134, 133, 'POINT(8.6260533333333 45.729)', FALSE),
(83, 1, '2016-04-21 23:16:43', '2016-04-21 23:16:43', 'Bord du lac', '', 0, 135, 135, 'POINT(7.23421 47.133)', FALSE),
(84, 1, '2016-04-21 23:21:49', '2016-04-21 23:21:49', 'Panchina cerata', '', 0, 136, 136, 'POINT(7.25275 47.1373)', FALSE),
(85, 1, '2016-04-21 23:27:13', '2016-04-21 23:27:13', 'Stadio ledges', '', 0, 137, 137, 'POINT(8.55086 45.7479)', FALSE),
(86, 1, '2016-04-25 23:01:15', '2016-04-25 23:01:15', 'Miniramp Moutier', '', 0, 138, 138, 'POINT(7.37856 47.2731)', FALSE),
(87, 1, '2016-04-25 23:05:11', '2016-04-25 23:05:11', 'Skatepark Sarnen', '', 5, 279, 141, 'POINT(8.2460925 46.8843)', FALSE),
(88, 1, '2016-04-25 23:11:21', '2016-04-25 23:11:21', 'Skatepark Balgach', '', 0, 142, 142, 'POINT(9.61055 47.4023)', FALSE),
(89, 1, '2016-04-25 23:16:53', '2016-04-25 23:16:53', 'Handrail', '', 0, 143, 143, 'POINT(8.79839 46.478)', FALSE),
(90, 1, '2016-04-25 23:21:22', '2016-04-25 23:21:22', 'Skatepark Ulrichen', '', 0, 144, 144, 'POINT(8.30296 46.5032)', FALSE),
(91, 1, '2016-04-25 23:25:26', '2016-04-25 23:25:26', 'Gap to bank', '', 0, 145, 145, 'POINT(7.24657 47.1299)', FALSE),
(92, 1, '2016-04-25 23:34:16', '2016-04-25 23:34:16', 'Place le Corbousier', '', 0, 146, 146, 'POINT(6.82925 47.1025)', FALSE),
(93, 1, '2016-05-03 21:18:15', '2016-05-03 21:18:15', 'Slappy garage', '', 0, 149, 149, 'POINT(9.53033 46.8536)', FALSE),
(94, 1, '2016-05-08 00:05:39', '2016-05-08 00:05:39', 'Handrail', '', 0, 150, 150, 'POINT(8.30953 47.4769)', FALSE),
(95, 1, '2016-05-09 19:28:11', '2016-05-09 19:28:11', 'Snakerun Zizers', '', 0, 152, 151, 'POINT(9.57152 46.9338)', FALSE),
(96, 1, '2016-05-10 13:11:58', '2016-05-10 13:11:58', 'Skatepark Stazzona', '', 0, 153, 153, 'POINT(10.1273 46.1845)', FALSE),
(97, 1, '2016-05-12 23:43:46', '2016-05-12 23:43:46', 'Rathole', '', 0, 159, 158, 'POINT(9.5348716666667 46.851316666667)', TRUE),
(98, 1, '2016-05-13 10:10:58', '2016-05-13 10:10:58', 'Madretsch', '', 0, 160, 160, 'POINT(7.25523 47.1347)', FALSE),
(99, 1, '2016-05-13 12:37:50', '2016-05-13 12:37:50', 'Skatepark Littau', '', 0, 161, 161, 'POINT(8.27059 47.0567)', FALSE),
(100, 1, '2016-05-13 12:44:02', '2016-05-13 12:44:02', 'Wildbach benches', '', 0, 162, 162, 'POINT(7.51649 47.2106)', FALSE),
(101, 1, '2016-05-16 21:54:04', '2016-05-16 21:54:04', 'Ledge della posta', '', 0, 163, 163, 'POINT(8.76189 46.1651)', FALSE),
(102, 1, '2016-05-18 18:20:57', '2016-05-18 18:20:57', 'Stadthalle', '', 0, 164, 164, 'POINT(9.52516 46.8468)', FALSE),
(103, 1, '2016-05-19 10:35:34', '2016-05-19 10:35:34', 'Double set', '', 0, 165, 165, 'POINT(6.65931 46.8313)', FALSE),
(104, 1, '2016-05-19 21:50:00', '2016-05-19 21:50:00', 'Bowl Kortrijk', '', 0, 166, 166, 'POINT(3.2702 50.8341)', FALSE),
(105, 1, '2016-05-19 21:55:38', '2016-05-19 21:55:38', 'Park n''sun', '', 0, 167, 167, 'POINT(6.8145 47.0913)', FALSE),
(106, 1, '2016-05-19 22:27:40', '2016-05-19 22:27:40', 'Ledge', '', 0, 169, 168, 'POINT(8.5733 45.9392)', FALSE),
(107, 1, '2016-05-20 08:14:48', '2016-05-20 08:14:48', 'Skatepark Lido di Camaiore', '', 0, 170, 170, 'POINT(10.224 43.909)', FALSE),
(108, 1, '2016-05-22 21:03:48', '2016-05-22 21:03:48', 'Barriers', '', 0, 171, 171, 'POINT(10.5081 43.8372)', FALSE),
(109, 1, '2016-05-22 21:16:51', '2016-05-22 21:16:51', 'Bowl Pisa', '', 0, 173, 172, 'POINT(10.4252 43.71475)', FALSE),
(110, 1, '2016-05-22 21:27:30', '2016-05-22 21:27:30', 'Skatepark Pietrasanta', '', 0, 175, 174, 'POINT(10.22525 43.96)', FALSE),
(111, 1, '2016-05-22 21:45:32', '2016-05-22 21:45:32', 'Elbo', '', 5, 337, 176, 'POINT(11.3687 44.5302)', FALSE),
(112, 1, '2016-05-23 14:00:10', '2016-05-23 14:00:10', 'Bädli d.i.y.', '', 0, 177, 177, 'POINT(9.47039 47.4113)', TRUE),
(113, 1, '2016-05-23 16:06:23', '2016-05-23 16:06:23', 'Barriers', '', 0, 178, 178, 'POINT(10.1995 43.9782)', TRUE),
(114, 1, '2016-05-23 17:27:10', '2016-05-23 17:27:10', 'Creedence d.i.y.', '', 0, 179, 179, 'POINT(9.98291 45.5192)', FALSE),
(115, 2, '2016-05-23 19:46:38', '2016-05-23 19:46:38', 'Le petit désolé', '', 0, 180, 180, 'POINT(-1.29318 43.7736)', FALSE),
(116, 1, '2016-05-23 22:47:36', '2016-05-23 22:47:36', 'Skatepark Oostende', '', 0, 181, 181, 'POINT(2.92447 51.222)', FALSE),
(117, 1, '2016-05-23 22:56:24', '2016-05-23 22:56:24', 'Skatepark Mechelen', '', 0, 183, 182, 'POINT(4.492655 51.02455)', FALSE),
(118, 1, '2016-05-23 23:01:11', '2016-05-23 23:01:11', 'Bowl Antwerpen', '', 0, 184, 184, 'POINT(4.41924 51.2315)', FALSE),
(119, 1, '2016-05-23 23:04:52', '2016-05-23 23:04:52', 'Skatepark Halle', '', 0, 186, 185, 'POINT(4.24007 50.73825)', FALSE),
(120, 1, '2016-05-24 20:24:32', '2016-05-24 20:24:32', 'Snakerun Malans', '', 0, 188, 187, 'POINT(9.5739 46.9785)', FALSE),
(121, 1, '2016-05-29 18:29:29', '2016-05-29 18:29:29', 'Parcheggio dell''Esselunga', '', 0, 189, 189, 'POINT(8.55494 45.9298)', FALSE),
(122, 1, '2016-05-30 23:04:00', '2016-05-30 23:04:00', 'Skatepark St. Gallen', '', 0, 191, 190, 'POINT(9.361515 47.42105)', FALSE),
(123, 1, '2016-05-31 11:36:30', '2016-05-31 11:36:30', 'The Beast', '', 0, 193, 192, 'POINT(8.50549 47.392)', FALSE),
(124, 1, '2016-06-03 10:04:02', '2016-06-03 10:04:02', 'Railway Skatepark', '', 0, 194, 194, 'POINT(10.2204 45.5165)', FALSE),
(125, 2, '2016-06-03 15:50:16', '2016-06-03 15:50:16', 'Skatepark Algorta', '', 0, 196, 195, 'POINT(-3.01826 43.3551)', FALSE),
(126, 1, '2016-06-06 11:39:31', '2016-06-06 11:39:31', '3 up 3 down', '', 0, 197, 197, 'POINT(-122.42 37.7678)', FALSE),
(127, 1, '2016-06-06 13:02:35', '2016-06-06 13:02:35', 'Nautilus middle school', '', 0, 200, 199, 'POINT(-80.1348 25.8155)', FALSE),
(128, 1, '2016-06-06 13:10:37', '2016-06-06 13:10:37', 'MLK Banks', '', 0, 202, 201, 'POINT(-80.21195 25.83195)', FALSE),
(129, 1, '2016-06-06 13:19:10', '2016-06-06 13:19:10', 'Handrails', '', 0, 203, 203, 'POINT(-80.3254 25.9072)', FALSE),
(130, 1, '2016-06-06 13:23:35', '2016-06-06 13:23:35', 'Ice ledges', '', 0, 205, 204, 'POINT(-80.2983 25.93895)', FALSE),
(131, 1, '2016-06-06 14:23:11', '2016-06-06 14:23:11', 'Skatepark Indian Hammocks', '', 0, 208, 207, 'POINT(-80.371666666667 25.694466666667)', FALSE),
(132, 1, '2016-06-06 16:35:52', '2016-06-06 16:35:52', 'Scuola elementare', '', 0, 209, 209, 'POINT(8.25892 46.0683)', FALSE),
(133, 1, '2016-06-06 17:09:06', '2016-06-06 17:09:06', 'Skatepark Pier 62', '', 0, 214, 213, 'POINT(-74.00946 40.74868)', FALSE),
(134, 1, '2016-06-09 23:40:38', '2016-06-09 23:40:38', 'Blu handrail', '', 0, 216, 215, 'POINT(7.27582 47.1247)', FALSE),
(135, 1, '2016-06-09 23:44:47', '2016-06-09 23:44:47', 'A.S.L.', '', 0, 217, 217, 'POINT(8.56428 45.9292)', FALSE),
(136, 1, '2016-06-09 23:45:42', '2016-06-09 23:45:42', 'Curbed rail', '', 0, 218, 218, 'POINT(7.27213 47.1437)', FALSE),
(137, 1, '2016-06-15 21:30:35', '2016-06-15 21:30:35', 'Tcs', '', 0, 219, 219, 'POINT(8.95348 46.008)', FALSE),
(138, 1, '2016-06-15 21:32:22', '2016-06-15 21:32:22', 'Curb', '', 0, 220, 220, 'POINT(7.28233 47.1461)', FALSE),
(139, 1, '2016-06-15 21:36:47', '2016-06-15 21:36:47', 'Gap over prato', '', 0, 221, 221, 'POINT(8.57233 45.9393)', FALSE),
(140, 1, '2016-06-15 21:38:19', '2016-06-15 21:38:19', 'Piazza delle banche', '', 0, 222, 222, 'POINT(8.57469 45.9384)', FALSE),
(141, 1, '2016-06-16 07:54:10', '2016-06-16 07:54:10', 'Mercatone uno', '', 0, 223, 223, 'POINT(8.29685 46.1344)', FALSE),
(142, 1, '2016-06-16 20:34:46', '2016-06-16 20:34:46', 'Rail ikea', '', 0, 224, 224, 'POINT(8.92776 45.9735)', FALSE),
(143, 1, '2016-06-21 17:08:01', '2016-06-21 17:08:01', 'Bank', '', 0, 225, 225, 'POINT(10.3431 43.7648)', FALSE),
(144, 1, '2016-06-21 22:35:03', '2016-06-21 22:35:03', 'Gap stretto', '', 0, 226, 226, 'POINT(8.571 45.9412)', FALSE),
(145, 1, '2016-06-21 22:38:13', '2016-06-21 22:38:13', 'Handrail de la gare', '', 0, 227, 227, 'POINT(7.24213 47.1313)', FALSE),
(146, 1, '2016-06-21 22:44:31', '2016-06-21 22:44:31', 'Skatepark  Busswil', '', 0, 228, 228, 'POINT(7.32333 47.1006)', FALSE),
(147, 1, '2016-06-21 22:46:32', '2016-06-21 22:46:32', 'Miniramp', '', 0, 229, 229, 'POINT(7.17358 47.1919)', TRUE),
(148, 1, '2016-06-21 22:48:35', '2016-06-21 22:48:35', 'Miniramp', '', 0, 230, 230, 'POINT(8.5506 45.7482)', FALSE),
(149, 1, '2016-06-22 08:43:30', '2016-06-22 08:43:30', 'Mr. Wilson Skatehalle', '', 0, 254, 231, 'POINT(9.478845 51.32275)', FALSE),
(150, 2, '2016-06-22 12:50:22', '2016-06-22 12:50:22', 'Adriatic Bowl', '', 0, 232, 232, 'POINT(13.003 43.8511)', FALSE),
(151, 1, '2016-06-23 16:06:29', '2016-06-23 16:06:29', 'Ledges', '', 0, 234, 233, 'POINT(14.4163 50.0944)', FALSE),
(152, 1, '2016-06-23 16:12:11', '2016-06-23 16:12:11', 'Stalin plaza', '', 0, 236, 235, 'POINT(14.4156 50.09475)', FALSE),
(153, 1, '2016-07-16 13:10:57', '2016-07-16 13:10:57', 'Curb', '', 0, 237, 237, 'POINT(8.67731 50.1148)', FALSE),
(154, 1, '2016-07-16 13:57:48', '2016-07-16 13:57:48', 'Welle', '', 0, 239, 238, 'POINT(8.674545 50.1159)', FALSE),
(155, 1, '2016-07-16 14:16:52', '2016-07-16 14:16:52', 'Bockenheimer banks', '', 0, 243, 242, 'POINT(8.65313 50.11975)', FALSE),
(156, 1, '2016-07-16 15:27:14', '2016-07-16 15:27:14', 'Black mamba ledge', '', 0, 244, 244, 'POINT(8.6557 50.1114)', FALSE),
(157, 1, '2016-07-16 16:15:12', '2016-07-16 16:15:12', 'Ghetto park', '', 0, 247, 246, 'POINT(8.6396133333333 50.0958)', FALSE),
(158, 1, '2016-07-16 19:56:01', '2016-07-16 19:56:01', 'Hafenpark', '', 0, 250, 249, 'POINT(8.70832 50.1087)', FALSE),
(159, 1, '2016-07-17 15:17:11', '2016-07-17 15:17:11', 'Mr. Wilson', '', 0, 253, 252, 'POINT(9.47904 51.3228)', FALSE),
(160, 1, '2016-07-18 09:36:30', '2016-07-18 09:36:30', 'Skatepark  Ulm', '', 0, 258, 257, 'POINT(9.94755 48.4038)', FALSE),
(161, 1, '2016-07-26 09:37:03', '2016-07-26 09:37:03', 'Bowl Mayrhofen', '', 0, 259, 259, 'POINT(11.8688 47.1635)', FALSE),
(162, 1, '2016-07-26 09:44:35', '2016-07-26 09:44:35', 'Skatepark Les Deux Alpes', '', 0, 260, 260, 'POINT(6.1264 45.0102)', FALSE),
(163, 2, '2016-08-03 09:21:27', '2016-08-03 09:21:27', 'Skatepark Whistler', '', 0, 262, 261, 'POINT(-122.951 50.1174)', FALSE),
(164, 1, '2016-08-03 18:26:20', '2016-08-03 18:26:20', 'Skatepark Walenstadt', '', 0, 264, 263, 'POINT(9.30294 47.1242)', FALSE),
(165, 1, '2016-08-16 19:26:56', '2016-08-16 19:26:56', 'Balzers Schuelhaus', '', 0, 266, 265, 'POINT(9.50103 47.0664)', FALSE),
(166, 1, '2016-08-16 20:29:34', '2016-08-16 20:29:34', 'Kirche ledge', '', 1, 267, 267, 'POINT(9.52434 47.1265)', FALSE),
(167, 2, '2016-08-23 07:34:28', '2016-08-23 07:34:28', 'Craig Ranch Skatepark', '', 1, 269, 268, 'POINT(-115.1535 36.23985)', FALSE),
(169, 2, '2016-08-27 10:57:46', '2016-08-27 10:57:46', 'La Boheme d.i.y', '', 1, 272, 271, 'POINT(9.149375 45.72575)', FALSE),
(170, 2, '2016-08-27 11:11:59', '2016-08-27 11:11:59', 'Ledge to gap', '', 2, 275, 274, 'POINT(9.1267466666667 45.737066666667)', FALSE),
(171, 1, '2016-08-30 20:17:48', '2016-08-30 20:17:48', 'Bündner Kantonsschule', '', 12, 278, 277, 'POINT(9.5350366666667 46.846533333333)', FALSE),
(172, 1, '2016-09-14 08:12:37', '2016-09-14 08:12:37', 'Skatepark Osimo', '', 7, 281, 280, 'POINT(13.49545 43.476)', FALSE),
(173, 1, '2016-09-22 19:06:33', '2016-09-22 19:06:33', 'Bowl Balzers ', '', 6, 283, 282, 'POINT(9.50034 47.0663)', FALSE),
(174, 1, '2016-09-30 13:24:42', '2016-09-30 13:24:42', 'Skatepark Seregno', '', 1, 284, 284, 'POINT(9.21089 45.6605)', FALSE),
(175, 2, '2016-10-01 22:21:54', '2016-10-01 22:21:54', 'Skatepark Péitruss', '', 8, 286, 285, 'POINT(6.133155 49.6066)', FALSE),
(176, 1, '2016-10-25 17:23:58', '2016-10-25 17:23:58', 'Fontain grand place', '', 0, 287, 287, 'POINT(7.1541 46.8022)', FALSE),
(177, 1, '2016-10-26 08:41:51', '2016-10-26 08:41:51', 'Minirail', '', 0, 288, 288, 'POINT(7.15444 46.8053)', FALSE),
(178, 1, '2016-10-26 09:00:45', '2016-10-26 09:00:45', 'Centre Professional', '', 0, 289, 289, 'POINT(7.15727 46.8081)', FALSE),
(179, 1, '2016-10-26 10:57:29', '2016-10-26 10:57:29', 'Equilibre', '', 10, 292, 291, 'POINT(7.1532366666667 46.8034)', FALSE),
(180, 1, '2016-10-27 15:29:00', '2016-10-27 15:29:00', 'Bowl Skatepark Fully', '', 5, 294, 293, 'POINT(7.11891 46.1386)', FALSE),
(181, 1, '2016-10-30 11:46:15', '2016-10-30 11:46:15', 'Skatepark Naters', '', 5, 296, 295, 'POINT(8.00527 46.32585)', FALSE),
(182, 1, '2016-11-05 15:32:10', '2016-11-05 15:32:10', 'Reitschule bowl', '', 6, 298, 297, 'POINT(7.44455 46.952)', FALSE),
(183, 2, '2016-11-30 09:12:11', '2016-11-30 09:12:11', 'Skatepark Albufeira', '', 2, 305, 305, 'POINT(-8.23852 37.0996)', FALSE),
(184, 1, '2016-12-27 18:00:38', '2016-12-27 18:00:38', 'Skills park street', '', 15, 309, 308, 'POINT(8.71885 47.49515)', FALSE),
(185, 1, '2016-12-27 18:04:22', '2016-12-27 18:04:22', 'Skills park bowl', '', 5, 311, 310, 'POINT(8.719035 47.4954)', FALSE),
(186, 1, '2017-01-03 13:34:50', '2017-01-03 13:34:50', 'Curb', '', 5, 313, 312, 'POINT(-9.137335 38.7082)', FALSE),
(187, 1, '2017-03-01 15:13:05', '2017-03-01 15:13:05', 'Skatepark Siberia', '', 5, 315, 314, 'POINT(8.772425 46.1619)', FALSE),
(188, 1, '2017-12-30 12:17:18', '2017-12-30 12:17:18', 'Holenstein miniramp', '', 0, 316, 316, 'POINT(9.07636 47.0313)', TRUE),
(189, 1, '2017-12-30 12:32:22', '2017-12-30 12:32:22', 'Barceloneta', '', 15, 343, 319, 'POINT(8.3011375 47.4803)', FALSE),
(190, 2, '2017-12-30 19:20:16', '2017-12-30 19:20:16', 'Wood curbs', '', 0, 320, 320, 'POINT(3.46002 39.7109)', FALSE),
(191, 2, '2017-12-30 19:45:43', '2017-12-30 19:45:43', 'Blue rails', '', 0, 321, 321, 'POINT(2.85169 39.4844)', FALSE),
(192, 2, '2017-12-30 19:52:39', '2017-12-30 19:52:39', 'King Cobra', '', 5, 385, 322, 'POINT(2.759495 39.49575)', FALSE),
(193, 2, '2017-12-30 19:54:32', '2017-12-30 19:54:32', 'Placa del comerc', '', 0, 323, 323, 'POINT(3.26131 39.4208)', FALSE),
(194, 2, '2017-12-30 19:57:44', '2017-12-30 19:57:44', 'Placa Sant Jaume', '', 0, 324, 324, 'POINT(3.20413 39.5716)', FALSE),
(195, 2, '2017-12-30 20:03:31', '2017-12-30 20:03:31', 'Placa Ramon Llull', '', 0, 325, 325, 'POINT(3.21173 39.5667)', FALSE),
(196, 2, '2017-12-30 20:07:13', '2017-12-30 20:07:13', 'Down ledges', '', 10, 372, 371, 'POINT(2.7540833333333 39.506733333333)', FALSE),
(197, 2, '2017-12-30 20:13:07', '2017-12-30 20:13:07', 'Ledges Sa Cabaneta', '', 10, 370, 369, 'POINT(2.7492633333333 39.620466666667)', FALSE),
(198, 2, '2017-12-30 20:22:26', '2017-12-30 20:22:26', 'Parc de Sa Feixina', '', 5, 347, 328, 'POINT(2.64024 39.5706)', FALSE),
(199, 2, '2017-12-30 20:25:08', '2017-12-30 20:25:08', 'Inca banks', '', 20, 380, 379, 'POINT(2.9137 39.72162)', FALSE),
(200, 2, '2017-12-30 20:39:03', '2017-12-30 20:39:03', 'Skatepark Sa Riera', '', 10, 346, 345, 'POINT(2.6394733333333 39.585266666667)', FALSE),
(201, 2, '2017-12-30 20:43:49', '2017-12-30 20:43:49', 'Skatepark Felantix', '', 0, 331, 331, 'POINT(3.13783 39.4669)', FALSE),
(202, 2, '2018-01-03 12:43:40', '2018-01-03 12:43:40', 'Auditorio ledge', '', 0, 332, 332, 'POINT(-0.486473 38.3537)', FALSE),
(203, 2, '2018-01-04 08:59:44', '2018-01-04 08:59:44', 'Skatepark Inca', '', 5, 381, 333, 'POINT(2.903085 39.72415)', FALSE),
(204, 2, '2018-01-04 11:58:56', '2018-01-04 11:58:56', 'Plaza Seneca', '', 5, 335, 334, 'POINT(-0.490729 38.3411)', FALSE),
(205, 2, '2018-01-04 16:31:34', '2018-01-04 16:31:34', 'Skatepark Santa Pola', '', 5, 406, 336, 'POINT(-0.572499 38.20115)', FALSE),
(206, 1, '2018-01-04 21:25:38', '2018-01-04 21:25:38', 'Skatepark Cogolin', '', 0, 338, 338, 'POINT(6.53638 43.2469)', FALSE),
(207, 2, '2018-01-04 21:28:12', '2018-01-04 21:28:12', 'Skatepark Hyères', '', 5, 340, 339, 'POINT(6.144425 43.1168)', FALSE),
(208, 2, '2018-01-04 21:42:50', '2018-01-04 21:42:50', 'Skatepark Draguignan', '', 5, 342, 341, 'POINT(6.448035 43.53915)', FALSE),
(209, 1, '2018-01-06 15:40:08', '2018-01-06 15:40:08', 'Blue wawe', '', 0, 344, 344, 'POINT(2.62634 39.5658)', FALSE),
(210, 1, '2018-01-12 19:43:25', '2018-01-12 19:43:25', 'Skatepark', '', 5, 349, 348, 'POINT(2.62785 39.58885)', FALSE),
(211, 1, '2018-01-12 19:44:47', '2018-01-12 19:44:47', 'Velodromo', '', 5, 351, 350, 'POINT(2.628775 39.58815)', FALSE),
(212, 1, '2018-01-12 19:46:32', '2018-01-12 19:46:32', 'Fontana', '', 0, 352, 352, 'POINT(2.48052 39.514)', FALSE),
(213, 1, '2018-01-12 19:47:33', '2018-01-12 19:47:33', 'Banks', '', 10, 357, 356, 'POINT(2.4868666666667 39.520033333333)', FALSE),
(214, 1, '2018-01-12 19:48:19', '2018-01-12 19:48:19', 'Skatepark Santa Ponca', '', 0, 354, 354, 'POINT(2.49634 39.5218)', FALSE),
(215, 1, '2018-01-12 19:49:38', '2018-01-12 19:49:38', 'Quarter', '', 0, 355, 355, 'POINT(2.38668 39.5445)', FALSE),
(216, 1, '2018-01-12 19:52:25', '2018-01-12 19:52:25', 'La Cruz', '', 5, 359, 358, 'POINT(2.46666 39.5129)', FALSE),
(217, 1, '2018-01-12 19:56:34', '2018-01-12 19:56:34', 'Es Generador', '', 5, 361, 360, 'POINT(2.543375 39.5273)', FALSE),
(218, 1, '2018-01-12 19:59:48', '2018-01-12 19:59:48', 'Ruine spot', '', 15, 365, 364, 'POINT(3.104475 39.815325)', FALSE),
(219, 1, '2018-01-12 20:03:26', '2018-01-12 20:03:26', 'Bank Colegio', '', 10, 368, 367, 'POINT(3.12964 39.8494)', FALSE),
(220, 1, '2018-01-12 20:08:55', '2018-01-12 20:08:55', 'Ballerman banks', '', 5, 374, 373, 'POINT(2.7295 39.53)', FALSE),
(221, 1, '2018-01-12 20:17:26', '2018-01-12 20:17:26', 'Curbs', '', 5, 376, 375, 'POINT(2.914625 39.72115)', FALSE),
(222, 1, '2018-01-12 20:24:57', '2018-01-12 20:24:57', 'Plaza Concordia', '', 10, 384, 383, 'POINT(3.0174733333333 39.7726)', FALSE),
(223, 2, '2018-02-08 13:44:34', '2018-02-08 13:44:34', 'Bonassodromo', '', 0, 386, 386, 'POINT(9.35345 45.6474)', FALSE),
(224, 1, '2019-04-18 18:37:50', '2019-04-18 18:37:50', 'Mini Riva del Garda', '', 10, 399, 398, 'POINT(10.844666666667 45.899033333333)', FALSE),
(225, 2, '2019-04-18 18:42:25', '2019-04-18 18:42:25', 'Wave Skatepark', '', 0, 388, 388, 'POINT(9.89148 45.5924)', FALSE),
(226, 2, '2019-04-18 18:45:41', '2019-04-18 18:45:41', 'Polaresco Bowl', '', 0, 389, 389, 'POINT(9.63399 45.6908)', FALSE),
(227, 2, '2019-04-18 18:55:19', '2019-04-18 18:55:19', 'Skatepark Desenzano', '', 0, 390, 390, 'POINT(10.5519 45.4587)', FALSE),
(228, 2, '2019-04-18 19:00:28', '2019-04-18 19:00:28', 'Skatepark Trento', '', 20, 395, 394, 'POINT(11.1153 46.05218)', FALSE),
(229, 1, '2019-04-20 13:09:17', '2019-04-20 13:09:17', 'Quarter', '', 5, 397, 396, 'POINT(10.99515 46.07395)', FALSE),
(230, 1, '2019-05-30 12:27:51', '2019-05-30 12:27:51', 'D.i.y Caribu', '', 5, 401, 400, 'POINT(2.43696 41.54945)', FALSE),
(231, 1, '2019-05-31 10:57:07', '2019-05-31 10:57:07', 'Bowl', '', 10, 404, 403, 'POINT(-0.35814733333333 39.460266666667)', FALSE),
(232, 1, '2019-06-02 14:27:58', '2019-06-02 14:27:58', 'Skatepark Ronda', '', 0, 405, 405, 'POINT(-5.14826 36.7508)', FALSE),
(233, 1, '2019-06-12 10:47:10', '2019-06-12 10:47:10', 'Skateboarding ramo WCC', '', 5, 408, 407, 'POINT(3.018655 42.9122)', FALSE);

-- --------------------------------------------------------

--
-- Table structure for table "spots_user"
--

CREATE TABLE spots_user (
  id serial NOT NULL,
  username varchar(255) NOT NULL,
  username_canonical varchar(255) NOT NULL,
  email varchar(255) NOT NULL,
  email_canonical varchar(255) NOT NULL,
  enabled boolean NOT NULL,
  salt varchar(255) NOT NULL,
  password varchar(255) NOT NULL,
  last_login timestamp DEFAULT NULL,
  locked boolean NOT NULL,
  expired boolean NOT NULL,
  expires_at timestamp DEFAULT NULL,
  confirmation_token varchar(255) DEFAULT NULL,
  password_requested_at timestamp DEFAULT NULL,
  roles text NOT NULL,
  credentials_expired boolean NOT NULL,
  credentials_expire_at timestamp DEFAULT NULL,
  created timestamp NOT NULL,
  reputation integer NOT NULL
);

--
-- Dumping data for table "spots_user"
--

INSERT INTO spots_user (id, username, username_canonical, email, email_canonical, enabled, salt, password, last_login, locked, expired, expires_at, confirmation_token, password_requested_at, roles, credentials_expired, credentials_expire_at, created, reputation) VALUES
(1, 'domi', 'domi', 'lombardi.damiano@gmail.com', 'lombardi.damiano@gmail.com', TRUE, 'ikqxmzv0mmo8gw0g8kk08g8cw4gso4s', 'Gcxp/hF8ohqpsQhz19kfcYZoHoCvaWqqylCq+EDW9Vj5GZ6pp/rtneMspHDuWpWoxTqJOBavUeDpFaQypB8ItA==', '2019-06-12 10:46:18', FALSE, FALSE, NULL, NULL, NULL, 'a:0:{}', FALSE, NULL, '2015-03-10 23:26:03', 1333),
(2, 'lowerspot', 'lowerspot', 'domi@lowerclassclothing.com', 'domi@lowerclassclothing.com', TRUE, 'qk7tu6bophwscck484wook4w4c880kg', 's7W0ZCvYEnOI254wGG+lx9KbxuGt8bkGro9PEXKNyosIWPTC6Kb4iVBGW89pqyByAylv3lyqp9yhwx2b4zTRtQ==', '2019-04-19 08:31:55', FALSE, FALSE, NULL, NULL, NULL, 'a:0:{}', FALSE, NULL, '2015-08-31 17:10:31', 752),
(3, 'tricci', 'tricci', 'lombardisabrina91@gmail.com', 'lombardisabrina91@gmail.com', TRUE, 'be55n3lq1m0o8000k08sw40cgg8w04o', 'MXaX8+F/ikTY6ycPT+/rclAFIT7wL1DU6o3gy2DcXhr98618XjiqOZEHvUTOoqPYGKoys+9dbcDRoQnrV0jDZw==', '2016-08-21 10:59:56', FALSE, FALSE, NULL, NULL, NULL, 'a:0:{}', FALSE, NULL, '2015-10-28 12:31:16', 0),
(4, 'admin', 'admin', 'admin@lowerclassclothing.com', 'admin@lowerclassclothing.com', TRUE, 'fkcyheaekkoo8cc0k48gc84gw48ssck', 'Qpdp0wHguih6YnJtg/CEAs5xFGfe7Zf0E+dF2Y6oy32sxcjEchiafdXpMF+sP8bqrHhau/qGrMKJx87t9Kj6aA==', '2015-11-10 21:52:08', FALSE, FALSE, NULL, NULL, NULL, 'a:0:{}', FALSE, NULL, '2015-11-10 20:54:47', 0),
(5, 'root', 'root', 'root@lowerclassclothing', 'root@lowerclassclothing', TRUE, '1s7ge4zc2dvoo0w4cw40w4g0kwc80ww', 'Re/no50FhIR4BZYY6KQeROTW3TbGJLPGsucwmLxtz9vh219V6G5kmjFestsnd76zjOYy7MdoX6RnmcJPbUaHag==', '2015-11-10 22:47:50', FALSE, FALSE, NULL, NULL, NULL, 'a:0:{}', FALSE, NULL, '2015-11-10 21:52:55', 0),
(6, 'anonymous', 'anonymous', 'anonymous@lowerspot.com', 'anonymous@lowerspot.com', TRUE, '2yzww4o6fsowgkwgckc88sc8gcgw8c', 'Y0jL1+dJp/uQ7/Klb8GN7kULDi7jJjWlVnQvf+KoHkiQDEMo7sXx0w2qWhewP2MxECNhaVvLS6yegvHtsVXuKQ==', '2016-07-14 19:05:58', FALSE, FALSE, NULL, NULL, NULL, 'a:0:{}', FALSE, NULL, '2016-07-14 19:05:58', 0),
(7, 'elise', 'elise', 'elise.ponzio@gmail.com', 'elise.ponzio@gmail.com', TRUE, 'l0mgsb2gqxww0ow00gwks0ow0w0044g', 'PyrJ+W+IEgI1zWxjTDdry8sTudE4bzp8WcRVrzLOuac/EKDn0dbN+BRy1S5rh7ji2pT4/+7QzxrNr2uHXln4Sw==', '2016-11-30 17:02:51', FALSE, FALSE, NULL, NULL, NULL, 'a:0:{}', FALSE, NULL, '2016-08-20 21:30:10', 0),
(8, 'portugaltrip', 'portugaltrip', 'portugal@trip.trip', 'portugal@trip.trip', TRUE, '25zpnwymro9w8k8g0w0osks0gkckwc8', 'adTRCRaXLqPMf0QO15zqaniYzXMcGBx3FHLwrnGtF0f0ya10l34hVcWPa1PJVeMi4foQwJEJQpj0mAfEL3o+7A==', '2016-11-30 16:34:25', FALSE, FALSE, NULL, NULL, NULL, 'a:0:{}', FALSE, NULL, '2016-11-29 23:31:41', 22),
(9, 'malletrip', 'malletrip', 'Malletrip@lowerspot.com', 'malletrip@lowerspot.com', TRUE, 'iurqdtptatc08444gc4gk8kwkogc48c', 'AlzJ6UZYv7MLB+/kMVlXYJus05+GMqutoAHZNyN9kRsneZkZGTOkOjxhsfR2RS/OLyh9qY76tsXRYIMj8BNe3g==', '2017-11-21 09:18:46', FALSE, FALSE, NULL, NULL, NULL, 'a:0:{}', FALSE, NULL, '2017-11-21 09:18:46', 0);

--
-- Indexes for dumped tables
--

ALTER TABLE spots_user
  ADD PRIMARY KEY (id);

ALTER TABLE spots_picture
  ADD PRIMARY KEY (id);

ALTER TABLE spots_picture_user
  ADD PRIMARY KEY (spots_picture_id, user_id);

ALTER TABLE spots_spot
  ADD PRIMARY KEY (id);

ALTER TABLE spots_picture
  ADD FOREIGN KEY (user_id) REFERENCES spots_user (id),
  ADD FOREIGN KEY (spot_id) REFERENCES spots_spot (id);

--
-- Indexes for table "spots_picture_user"
--
ALTER TABLE spots_picture_user
  ADD FOREIGN KEY (spots_picture_id) REFERENCES spots_picture(id) ON DELETE CASCADE,
  ADD FOREIGN KEY (user_id) REFERENCES spots_user(id) ON DELETE CASCADE;

--
-- Indexes for table "spots_spot"
--
ALTER TABLE spots_spot
  ADD FOREIGN KEY (picture1_id) REFERENCES spots_picture(id),
  ADD FOREIGN KEY (picture2_id) REFERENCES spots_picture(id),
  ADD FOREIGN KEY (user_id) REFERENCES spots_user(id);



COMMIT;

/*!40101 SET CHARACTER_SET_CLIENT=@OLD_CHARACTER_SET_CLIENT */;
/*!40101 SET CHARACTER_SET_RESULTS=@OLD_CHARACTER_SET_RESULTS */;
/*!40101 SET COLLATION_CONNECTION=@OLD_COLLATION_CONNECTION */;
